-- phpMyAdmin SQL Dump
-- version 5.2.0
-- https://www.phpmyadmin.net/
--
-- Servidor: 127.0.0.1
-- Tiempo de generación: 06-06-2023 a las 11:47:11
-- Versión del servidor: 10.4.24-MariaDB
-- Versión de PHP: 7.4.29

SET SQL_MODE = "NO_AUTO_VALUE_ON_ZERO";
START TRANSACTION;
SET time_zone = "+00:00";


/*!40101 SET @OLD_CHARACTER_SET_CLIENT=@@CHARACTER_SET_CLIENT */;
/*!40101 SET @OLD_CHARACTER_SET_RESULTS=@@CHARACTER_SET_RESULTS */;
/*!40101 SET @OLD_COLLATION_CONNECTION=@@COLLATION_CONNECTION */;
/*!40101 SET NAMES utf8mb4 */;

--
-- Base de datos: `desis_test`
--

-- --------------------------------------------------------

--
-- Estructura de tabla para la tabla `candidatos`
--

CREATE TABLE `candidatos` (
  `id` int(11) NOT NULL,
  `id_comuna` int(11) NOT NULL,
  `nombre_candidato` text NOT NULL
) ENGINE=InnoDB DEFAULT CHARSET=utf8mb4;

--
-- Volcado de datos para la tabla `candidatos`
--

INSERT INTO `candidatos` (`id`, `id_comuna`, `nombre_candidato`) VALUES
(1, 347, 'Candidato N°1 por Arica'),
(2, 347, 'Candidato N°2 por Arica'),
(3, 347, 'Candidato N°3 por Arica'),
(4, 347, 'Candidato N°4 por Arica'),
(5, 348, 'Candidato N°1 por Camarones'),
(6, 348, 'Candidato N°2 por Camarones'),
(7, 348, 'Candidato N°3 por Camarones'),
(8, 348, 'Candidato N°4 por Camarones'),
(9, 349, 'Candidato N°1 por Putre'),
(10, 349, 'Candidato N°2 por Putre'),
(11, 349, 'Candidato N°3 por Putre'),
(12, 349, 'Candidato N°4 por Putre'),
(13, 350, 'Candidato N°1 por General Lagos'),
(14, 350, 'Candidato N°2 por General Lagos'),
(15, 350, 'Candidato N°3 por General Lagos'),
(16, 350, 'Candidato N°4 por General Lagos'),
(17, 351, 'Candidato N°1 por Iquique'),
(18, 351, 'Candidato N°2 por Iquique'),
(19, 351, 'Candidato N°3 por Iquique'),
(20, 351, 'Candidato N°4 por Iquique'),
(21, 352, 'Candidato N°1 por Alto Hospicio'),
(22, 352, 'Candidato N°2 por Alto Hospicio'),
(23, 352, 'Candidato N°3 por Alto Hospicio'),
(24, 352, 'Candidato N°4 por Alto Hospicio'),
(25, 353, 'Candidato N°1 por Pozo Almonte'),
(26, 353, 'Candidato N°2 por Pozo Almonte'),
(27, 353, 'Candidato N°3 por Pozo Almonte'),
(28, 353, 'Candidato N°4 por Pozo Almonte'),
(29, 354, 'Candidato N°1 por Camiña'),
(30, 354, 'Candidato N°2 por Camiña'),
(31, 354, 'Candidato N°3 por Camiña'),
(32, 354, 'Candidato N°4 por Camiña'),
(33, 355, 'Candidato N°1 por Colchane'),
(34, 355, 'Candidato N°2 por Colchane'),
(35, 355, 'Candidato N°3 por Colchane'),
(36, 355, 'Candidato N°4 por Colchane'),
(37, 356, 'Candidato N°1 por Huara'),
(38, 356, 'Candidato N°2 por Huara'),
(39, 356, 'Candidato N°3 por Huara'),
(40, 356, 'Candidato N°4 por Huara'),
(41, 357, 'Candidato N°1 por Pica'),
(42, 357, 'Candidato N°2 por Pica'),
(43, 357, 'Candidato N°3 por Pica'),
(44, 357, 'Candidato N°4 por Pica'),
(45, 358, 'Candidato N°1 por Antofagasta'),
(46, 358, 'Candidato N°2 por Antofagasta'),
(47, 358, 'Candidato N°3 por Antofagasta'),
(48, 358, 'Candidato N°4 por Antofagasta'),
(49, 359, 'Candidato N°1 por Mejillones'),
(50, 359, 'Candidato N°2 por Mejillones'),
(51, 359, 'Candidato N°3 por Mejillones'),
(52, 359, 'Candidato N°4 por Mejillones'),
(53, 360, 'Candidato N°1 por Sierra Gorda'),
(54, 360, 'Candidato N°2 por Sierra Gorda'),
(55, 360, 'Candidato N°3 por Sierra Gorda'),
(56, 360, 'Candidato N°4 por Sierra Gorda'),
(57, 361, 'Candidato N°1 por Taltal'),
(58, 361, 'Candidato N°2 por Taltal'),
(59, 361, 'Candidato N°3 por Taltal'),
(60, 361, 'Candidato N°4 por Taltal'),
(61, 362, 'Candidato N°1 por Calama'),
(62, 362, 'Candidato N°2 por Calama'),
(63, 362, 'Candidato N°3 por Calama'),
(64, 362, 'Candidato N°4 por Calama'),
(65, 363, 'Candidato N°1 por Ollagüe'),
(66, 363, 'Candidato N°2 por Ollagüe'),
(67, 363, 'Candidato N°3 por Ollagüe'),
(68, 363, 'Candidato N°4 por Ollagüe'),
(69, 364, 'Candidato N°1 por San Pedro de Atacama'),
(70, 364, 'Candidato N°2 por San Pedro de Atacama'),
(71, 364, 'Candidato N°3 por San Pedro de Atacama'),
(72, 364, 'Candidato N°4 por San Pedro de Atacama'),
(73, 365, 'Candidato N°1 por Tocopilla'),
(74, 365, 'Candidato N°2 por Tocopilla'),
(75, 365, 'Candidato N°3 por Tocopilla'),
(76, 365, 'Candidato N°4 por Tocopilla'),
(77, 366, 'Candidato N°1 por María Elena'),
(78, 366, 'Candidato N°2 por María Elena'),
(79, 366, 'Candidato N°3 por María Elena'),
(80, 366, 'Candidato N°4 por María Elena'),
(81, 367, 'Candidato N°1 por Copiapó'),
(82, 367, 'Candidato N°2 por Copiapó'),
(83, 367, 'Candidato N°3 por Copiapó'),
(84, 367, 'Candidato N°4 por Copiapó'),
(85, 368, 'Candidato N°1 por Caldera'),
(86, 368, 'Candidato N°2 por Caldera'),
(87, 368, 'Candidato N°3 por Caldera'),
(88, 368, 'Candidato N°4 por Caldera'),
(89, 369, 'Candidato N°1 por Tierra Amarilla'),
(90, 369, 'Candidato N°2 por Tierra Amarilla'),
(91, 369, 'Candidato N°3 por Tierra Amarilla'),
(92, 369, 'Candidato N°4 por Tierra Amarilla'),
(93, 370, 'Candidato N°1 por Chañaral'),
(94, 370, 'Candidato N°2 por Chañaral'),
(95, 370, 'Candidato N°3 por Chañaral'),
(96, 370, 'Candidato N°4 por Chañaral'),
(97, 371, 'Candidato N°1 por Diego de Almagro'),
(98, 371, 'Candidato N°2 por Diego de Almagro'),
(99, 371, 'Candidato N°3 por Diego de Almagro'),
(100, 371, 'Candidato N°4 por Diego de Almagro'),
(101, 372, 'Candidato N°1 por Vallenar'),
(102, 372, 'Candidato N°2 por Vallenar'),
(103, 372, 'Candidato N°3 por Vallenar'),
(104, 372, 'Candidato N°4 por Vallenar'),
(105, 373, 'Candidato N°1 por Alto del Carmen'),
(106, 373, 'Candidato N°2 por Alto del Carmen'),
(107, 373, 'Candidato N°3 por Alto del Carmen'),
(108, 373, 'Candidato N°4 por Alto del Carmen'),
(109, 374, 'Candidato N°1 por Freirina'),
(110, 374, 'Candidato N°2 por Freirina'),
(111, 374, 'Candidato N°3 por Freirina'),
(112, 374, 'Candidato N°4 por Freirina'),
(113, 375, 'Candidato N°1 por Huasco'),
(114, 375, 'Candidato N°2 por Huasco'),
(115, 375, 'Candidato N°3 por Huasco'),
(116, 375, 'Candidato N°4 por Huasco'),
(117, 376, 'Candidato N°1 por La Serena'),
(118, 376, 'Candidato N°2 por La Serena'),
(119, 376, 'Candidato N°3 por La Serena'),
(120, 376, 'Candidato N°4 por La Serena'),
(121, 377, 'Candidato N°1 por Coquimbo'),
(122, 377, 'Candidato N°2 por Coquimbo'),
(123, 377, 'Candidato N°3 por Coquimbo'),
(124, 377, 'Candidato N°4 por Coquimbo'),
(125, 378, 'Candidato N°1 por Andacollo'),
(126, 378, 'Candidato N°2 por Andacollo'),
(127, 378, 'Candidato N°3 por Andacollo'),
(128, 378, 'Candidato N°4 por Andacollo'),
(129, 379, 'Candidato N°1 por La Higuera'),
(130, 379, 'Candidato N°2 por La Higuera'),
(131, 379, 'Candidato N°3 por La Higuera'),
(132, 379, 'Candidato N°4 por La Higuera'),
(133, 380, 'Candidato N°1 por Paiguano'),
(134, 380, 'Candidato N°2 por Paiguano'),
(135, 380, 'Candidato N°3 por Paiguano'),
(136, 380, 'Candidato N°4 por Paiguano'),
(137, 381, 'Candidato N°1 por Vicuña'),
(138, 381, 'Candidato N°2 por Vicuña'),
(139, 381, 'Candidato N°3 por Vicuña'),
(140, 381, 'Candidato N°4 por Vicuña'),
(141, 382, 'Candidato N°1 por Illapel'),
(142, 382, 'Candidato N°2 por Illapel'),
(143, 382, 'Candidato N°3 por Illapel'),
(144, 382, 'Candidato N°4 por Illapel'),
(145, 383, 'Candidato N°1 por Canela'),
(146, 383, 'Candidato N°2 por Canela'),
(147, 383, 'Candidato N°3 por Canela'),
(148, 383, 'Candidato N°4 por Canela'),
(149, 384, 'Candidato N°1 por Los Vilos'),
(150, 384, 'Candidato N°2 por Los Vilos'),
(151, 384, 'Candidato N°3 por Los Vilos'),
(152, 384, 'Candidato N°4 por Los Vilos'),
(153, 385, 'Candidato N°1 por Salamanca'),
(154, 385, 'Candidato N°2 por Salamanca'),
(155, 385, 'Candidato N°3 por Salamanca'),
(156, 385, 'Candidato N°4 por Salamanca'),
(157, 386, 'Candidato N°1 por Ovalle'),
(158, 386, 'Candidato N°2 por Ovalle'),
(159, 386, 'Candidato N°3 por Ovalle'),
(160, 386, 'Candidato N°4 por Ovalle'),
(161, 387, 'Candidato N°1 por Combarbalá'),
(162, 387, 'Candidato N°2 por Combarbalá'),
(163, 387, 'Candidato N°3 por Combarbalá'),
(164, 387, 'Candidato N°4 por Combarbalá'),
(165, 388, 'Candidato N°1 por Monte Patria'),
(166, 388, 'Candidato N°2 por Monte Patria'),
(167, 388, 'Candidato N°3 por Monte Patria'),
(168, 388, 'Candidato N°4 por Monte Patria'),
(169, 389, 'Candidato N°1 por Punitaqui'),
(170, 389, 'Candidato N°2 por Punitaqui'),
(171, 389, 'Candidato N°3 por Punitaqui'),
(172, 389, 'Candidato N°4 por Punitaqui'),
(173, 390, 'Candidato N°1 por Río Hurtado'),
(174, 390, 'Candidato N°2 por Río Hurtado'),
(175, 390, 'Candidato N°3 por Río Hurtado'),
(176, 390, 'Candidato N°4 por Río Hurtado'),
(177, 391, 'Candidato N°1 por Valparaíso'),
(178, 391, 'Candidato N°2 por Valparaíso'),
(179, 391, 'Candidato N°3 por Valparaíso'),
(180, 391, 'Candidato N°4 por Valparaíso'),
(181, 392, 'Candidato N°1 por Casablanca'),
(182, 392, 'Candidato N°2 por Casablanca'),
(183, 392, 'Candidato N°3 por Casablanca'),
(184, 392, 'Candidato N°4 por Casablanca'),
(185, 393, 'Candidato N°1 por Concón'),
(186, 393, 'Candidato N°2 por Concón'),
(187, 393, 'Candidato N°3 por Concón'),
(188, 393, 'Candidato N°4 por Concón'),
(189, 394, 'Candidato N°1 por Juan Fernández'),
(190, 394, 'Candidato N°2 por Juan Fernández'),
(191, 394, 'Candidato N°3 por Juan Fernández'),
(192, 394, 'Candidato N°4 por Juan Fernández'),
(193, 395, 'Candidato N°1 por Puchuncaví'),
(194, 395, 'Candidato N°2 por Puchuncaví'),
(195, 395, 'Candidato N°3 por Puchuncaví'),
(196, 395, 'Candidato N°4 por Puchuncaví'),
(197, 396, 'Candidato N°1 por Quintero'),
(198, 396, 'Candidato N°2 por Quintero'),
(199, 396, 'Candidato N°3 por Quintero'),
(200, 396, 'Candidato N°4 por Quintero'),
(201, 397, 'Candidato N°1 por Viña del Mar'),
(202, 397, 'Candidato N°2 por Viña del Mar'),
(203, 397, 'Candidato N°3 por Viña del Mar'),
(204, 397, 'Candidato N°4 por Viña del Mar'),
(205, 398, 'Candidato N°1 por Isla de Pascua'),
(206, 398, 'Candidato N°2 por Isla de Pascua'),
(207, 398, 'Candidato N°3 por Isla de Pascua'),
(208, 398, 'Candidato N°4 por Isla de Pascua'),
(209, 399, 'Candidato N°1 por Los Andes'),
(210, 399, 'Candidato N°2 por Los Andes'),
(211, 399, 'Candidato N°3 por Los Andes'),
(212, 399, 'Candidato N°4 por Los Andes'),
(213, 400, 'Candidato N°1 por Calle Larga'),
(214, 400, 'Candidato N°2 por Calle Larga'),
(215, 400, 'Candidato N°3 por Calle Larga'),
(216, 400, 'Candidato N°4 por Calle Larga'),
(217, 401, 'Candidato N°1 por Rinconada'),
(218, 401, 'Candidato N°2 por Rinconada'),
(219, 401, 'Candidato N°3 por Rinconada'),
(220, 401, 'Candidato N°4 por Rinconada'),
(221, 402, 'Candidato N°1 por San Esteban'),
(222, 402, 'Candidato N°2 por San Esteban'),
(223, 402, 'Candidato N°3 por San Esteban'),
(224, 402, 'Candidato N°4 por San Esteban'),
(225, 403, 'Candidato N°1 por La Ligua'),
(226, 403, 'Candidato N°2 por La Ligua'),
(227, 403, 'Candidato N°3 por La Ligua'),
(228, 403, 'Candidato N°4 por La Ligua'),
(229, 404, 'Candidato N°1 por Cabildo'),
(230, 404, 'Candidato N°2 por Cabildo'),
(231, 404, 'Candidato N°3 por Cabildo'),
(232, 404, 'Candidato N°4 por Cabildo'),
(233, 405, 'Candidato N°1 por Papudo'),
(234, 405, 'Candidato N°2 por Papudo'),
(235, 405, 'Candidato N°3 por Papudo'),
(236, 405, 'Candidato N°4 por Papudo'),
(237, 406, 'Candidato N°1 por Petorca'),
(238, 406, 'Candidato N°2 por Petorca'),
(239, 406, 'Candidato N°3 por Petorca'),
(240, 406, 'Candidato N°4 por Petorca'),
(241, 407, 'Candidato N°1 por Zapallar'),
(242, 407, 'Candidato N°2 por Zapallar'),
(243, 407, 'Candidato N°3 por Zapallar'),
(244, 407, 'Candidato N°4 por Zapallar'),
(245, 408, 'Candidato N°1 por Quillota'),
(246, 408, 'Candidato N°2 por Quillota'),
(247, 408, 'Candidato N°3 por Quillota'),
(248, 408, 'Candidato N°4 por Quillota'),
(249, 409, 'Candidato N°1 por Calera'),
(250, 409, 'Candidato N°2 por Calera'),
(251, 409, 'Candidato N°3 por Calera'),
(252, 409, 'Candidato N°4 por Calera'),
(253, 410, 'Candidato N°1 por Hijuelas'),
(254, 410, 'Candidato N°2 por Hijuelas'),
(255, 410, 'Candidato N°3 por Hijuelas'),
(256, 410, 'Candidato N°4 por Hijuelas'),
(257, 411, 'Candidato N°1 por La Cruz'),
(258, 411, 'Candidato N°2 por La Cruz'),
(259, 411, 'Candidato N°3 por La Cruz'),
(260, 411, 'Candidato N°4 por La Cruz'),
(261, 412, 'Candidato N°1 por Nogales'),
(262, 412, 'Candidato N°2 por Nogales'),
(263, 412, 'Candidato N°3 por Nogales'),
(264, 412, 'Candidato N°4 por Nogales'),
(265, 413, 'Candidato N°1 por San Antonio'),
(266, 413, 'Candidato N°2 por San Antonio'),
(267, 413, 'Candidato N°3 por San Antonio'),
(268, 413, 'Candidato N°4 por San Antonio'),
(269, 414, 'Candidato N°1 por Algarrobo'),
(270, 414, 'Candidato N°2 por Algarrobo'),
(271, 414, 'Candidato N°3 por Algarrobo'),
(272, 414, 'Candidato N°4 por Algarrobo'),
(273, 415, 'Candidato N°1 por Cartagena'),
(274, 415, 'Candidato N°2 por Cartagena'),
(275, 415, 'Candidato N°3 por Cartagena'),
(276, 415, 'Candidato N°4 por Cartagena'),
(277, 416, 'Candidato N°1 por El Quisco'),
(278, 416, 'Candidato N°2 por El Quisco'),
(279, 416, 'Candidato N°3 por El Quisco'),
(280, 416, 'Candidato N°4 por El Quisco'),
(281, 417, 'Candidato N°1 por El Tabo'),
(282, 417, 'Candidato N°2 por El Tabo'),
(283, 417, 'Candidato N°3 por El Tabo'),
(284, 417, 'Candidato N°4 por El Tabo'),
(285, 418, 'Candidato N°1 por Santo Domingo'),
(286, 418, 'Candidato N°2 por Santo Domingo'),
(287, 418, 'Candidato N°3 por Santo Domingo'),
(288, 418, 'Candidato N°4 por Santo Domingo'),
(289, 419, 'Candidato N°1 por San Felipe'),
(290, 419, 'Candidato N°2 por San Felipe'),
(291, 419, 'Candidato N°3 por San Felipe'),
(292, 419, 'Candidato N°4 por San Felipe'),
(293, 420, 'Candidato N°1 por Catemu'),
(294, 420, 'Candidato N°2 por Catemu'),
(295, 420, 'Candidato N°3 por Catemu'),
(296, 420, 'Candidato N°4 por Catemu'),
(297, 421, 'Candidato N°1 por Llaillay'),
(298, 421, 'Candidato N°2 por Llaillay'),
(299, 421, 'Candidato N°3 por Llaillay'),
(300, 421, 'Candidato N°4 por Llaillay'),
(301, 422, 'Candidato N°1 por Panquehue'),
(302, 422, 'Candidato N°2 por Panquehue'),
(303, 422, 'Candidato N°3 por Panquehue'),
(304, 422, 'Candidato N°4 por Panquehue'),
(305, 423, 'Candidato N°1 por Putaendo'),
(306, 423, 'Candidato N°2 por Putaendo'),
(307, 423, 'Candidato N°3 por Putaendo'),
(308, 423, 'Candidato N°4 por Putaendo'),
(309, 424, 'Candidato N°1 por Santa María'),
(310, 424, 'Candidato N°2 por Santa María'),
(311, 424, 'Candidato N°3 por Santa María'),
(312, 424, 'Candidato N°4 por Santa María'),
(313, 425, 'Candidato N°1 por Quilpué'),
(314, 425, 'Candidato N°2 por Quilpué'),
(315, 425, 'Candidato N°3 por Quilpué'),
(316, 425, 'Candidato N°4 por Quilpué'),
(317, 426, 'Candidato N°1 por Limache'),
(318, 426, 'Candidato N°2 por Limache'),
(319, 426, 'Candidato N°3 por Limache'),
(320, 426, 'Candidato N°4 por Limache'),
(321, 427, 'Candidato N°1 por Olmué'),
(322, 427, 'Candidato N°2 por Olmué'),
(323, 427, 'Candidato N°3 por Olmué'),
(324, 427, 'Candidato N°4 por Olmué'),
(325, 428, 'Candidato N°1 por Villa Alemana'),
(326, 428, 'Candidato N°2 por Villa Alemana'),
(327, 428, 'Candidato N°3 por Villa Alemana'),
(328, 428, 'Candidato N°4 por Villa Alemana'),
(329, 429, 'Candidato N°1 por Rancagua'),
(330, 429, 'Candidato N°2 por Rancagua'),
(331, 429, 'Candidato N°3 por Rancagua'),
(332, 429, 'Candidato N°4 por Rancagua'),
(333, 430, 'Candidato N°1 por Codegua'),
(334, 430, 'Candidato N°2 por Codegua'),
(335, 430, 'Candidato N°3 por Codegua'),
(336, 430, 'Candidato N°4 por Codegua'),
(337, 431, 'Candidato N°1 por Coinco'),
(338, 431, 'Candidato N°2 por Coinco'),
(339, 431, 'Candidato N°3 por Coinco'),
(340, 431, 'Candidato N°4 por Coinco'),
(341, 432, 'Candidato N°1 por Coltauco'),
(342, 432, 'Candidato N°2 por Coltauco'),
(343, 432, 'Candidato N°3 por Coltauco'),
(344, 432, 'Candidato N°4 por Coltauco'),
(345, 433, 'Candidato N°1 por Doñihue'),
(346, 433, 'Candidato N°2 por Doñihue'),
(347, 433, 'Candidato N°3 por Doñihue'),
(348, 433, 'Candidato N°4 por Doñihue'),
(349, 434, 'Candidato N°1 por Graneros'),
(350, 434, 'Candidato N°2 por Graneros'),
(351, 434, 'Candidato N°3 por Graneros'),
(352, 434, 'Candidato N°4 por Graneros'),
(353, 435, 'Candidato N°1 por Las Cabras'),
(354, 435, 'Candidato N°2 por Las Cabras'),
(355, 435, 'Candidato N°3 por Las Cabras'),
(356, 435, 'Candidato N°4 por Las Cabras'),
(357, 436, 'Candidato N°1 por Machalí'),
(358, 436, 'Candidato N°2 por Machalí'),
(359, 436, 'Candidato N°3 por Machalí'),
(360, 436, 'Candidato N°4 por Machalí'),
(361, 437, 'Candidato N°1 por Malloa'),
(362, 437, 'Candidato N°2 por Malloa'),
(363, 437, 'Candidato N°3 por Malloa'),
(364, 437, 'Candidato N°4 por Malloa'),
(365, 438, 'Candidato N°1 por Mostazal'),
(366, 438, 'Candidato N°2 por Mostazal'),
(367, 438, 'Candidato N°3 por Mostazal'),
(368, 438, 'Candidato N°4 por Mostazal'),
(369, 439, 'Candidato N°1 por Olivar'),
(370, 439, 'Candidato N°2 por Olivar'),
(371, 439, 'Candidato N°3 por Olivar'),
(372, 439, 'Candidato N°4 por Olivar'),
(373, 440, 'Candidato N°1 por Peumo'),
(374, 440, 'Candidato N°2 por Peumo'),
(375, 440, 'Candidato N°3 por Peumo'),
(376, 440, 'Candidato N°4 por Peumo'),
(377, 441, 'Candidato N°1 por Pichidegua'),
(378, 441, 'Candidato N°2 por Pichidegua'),
(379, 441, 'Candidato N°3 por Pichidegua'),
(380, 441, 'Candidato N°4 por Pichidegua'),
(381, 442, 'Candidato N°1 por Quinta de Tilcoco'),
(382, 442, 'Candidato N°2 por Quinta de Tilcoco'),
(383, 442, 'Candidato N°3 por Quinta de Tilcoco'),
(384, 442, 'Candidato N°4 por Quinta de Tilcoco'),
(385, 443, 'Candidato N°1 por Rengo'),
(386, 443, 'Candidato N°2 por Rengo'),
(387, 443, 'Candidato N°3 por Rengo'),
(388, 443, 'Candidato N°4 por Rengo'),
(389, 444, 'Candidato N°1 por Requínoa'),
(390, 444, 'Candidato N°2 por Requínoa'),
(391, 444, 'Candidato N°3 por Requínoa'),
(392, 444, 'Candidato N°4 por Requínoa'),
(393, 445, 'Candidato N°1 por San Vicente'),
(394, 445, 'Candidato N°2 por San Vicente'),
(395, 445, 'Candidato N°3 por San Vicente'),
(396, 445, 'Candidato N°4 por San Vicente'),
(397, 446, 'Candidato N°1 por Pichilemu'),
(398, 446, 'Candidato N°2 por Pichilemu'),
(399, 446, 'Candidato N°3 por Pichilemu'),
(400, 446, 'Candidato N°4 por Pichilemu'),
(401, 447, 'Candidato N°1 por La Estrella'),
(402, 447, 'Candidato N°2 por La Estrella'),
(403, 447, 'Candidato N°3 por La Estrella'),
(404, 447, 'Candidato N°4 por La Estrella'),
(405, 448, 'Candidato N°1 por Litueche'),
(406, 448, 'Candidato N°2 por Litueche'),
(407, 448, 'Candidato N°3 por Litueche'),
(408, 448, 'Candidato N°4 por Litueche'),
(409, 449, 'Candidato N°1 por Marchihue'),
(410, 449, 'Candidato N°2 por Marchihue'),
(411, 449, 'Candidato N°3 por Marchihue'),
(412, 449, 'Candidato N°4 por Marchihue'),
(413, 450, 'Candidato N°1 por Navidad'),
(414, 450, 'Candidato N°2 por Navidad'),
(415, 450, 'Candidato N°3 por Navidad'),
(416, 450, 'Candidato N°4 por Navidad'),
(417, 451, 'Candidato N°1 por Paredones'),
(418, 451, 'Candidato N°2 por Paredones'),
(419, 451, 'Candidato N°3 por Paredones'),
(420, 451, 'Candidato N°4 por Paredones'),
(421, 452, 'Candidato N°1 por San Fernando'),
(422, 452, 'Candidato N°2 por San Fernando'),
(423, 452, 'Candidato N°3 por San Fernando'),
(424, 452, 'Candidato N°4 por San Fernando'),
(425, 453, 'Candidato N°1 por Chépica'),
(426, 453, 'Candidato N°2 por Chépica'),
(427, 453, 'Candidato N°3 por Chépica'),
(428, 453, 'Candidato N°4 por Chépica'),
(429, 454, 'Candidato N°1 por Chimbarongo'),
(430, 454, 'Candidato N°2 por Chimbarongo'),
(431, 454, 'Candidato N°3 por Chimbarongo'),
(432, 454, 'Candidato N°4 por Chimbarongo'),
(433, 455, 'Candidato N°1 por Lolol'),
(434, 455, 'Candidato N°2 por Lolol'),
(435, 455, 'Candidato N°3 por Lolol'),
(436, 455, 'Candidato N°4 por Lolol'),
(437, 456, 'Candidato N°1 por Nancagua'),
(438, 456, 'Candidato N°2 por Nancagua'),
(439, 456, 'Candidato N°3 por Nancagua'),
(440, 456, 'Candidato N°4 por Nancagua'),
(441, 457, 'Candidato N°1 por Palmilla'),
(442, 457, 'Candidato N°2 por Palmilla'),
(443, 457, 'Candidato N°3 por Palmilla'),
(444, 457, 'Candidato N°4 por Palmilla'),
(445, 458, 'Candidato N°1 por Peralillo'),
(446, 458, 'Candidato N°2 por Peralillo'),
(447, 458, 'Candidato N°3 por Peralillo'),
(448, 458, 'Candidato N°4 por Peralillo'),
(449, 459, 'Candidato N°1 por Placilla'),
(450, 459, 'Candidato N°2 por Placilla'),
(451, 459, 'Candidato N°3 por Placilla'),
(452, 459, 'Candidato N°4 por Placilla'),
(453, 460, 'Candidato N°1 por Pumanque'),
(454, 460, 'Candidato N°2 por Pumanque'),
(455, 460, 'Candidato N°3 por Pumanque'),
(456, 460, 'Candidato N°4 por Pumanque'),
(457, 461, 'Candidato N°1 por Santa Cruz'),
(458, 461, 'Candidato N°2 por Santa Cruz'),
(459, 461, 'Candidato N°3 por Santa Cruz'),
(460, 461, 'Candidato N°4 por Santa Cruz'),
(461, 462, 'Candidato N°1 por Talca'),
(462, 462, 'Candidato N°2 por Talca'),
(463, 462, 'Candidato N°3 por Talca'),
(464, 462, 'Candidato N°4 por Talca'),
(465, 463, 'Candidato N°1 por Constitución'),
(466, 463, 'Candidato N°2 por Constitución'),
(467, 463, 'Candidato N°3 por Constitución'),
(468, 463, 'Candidato N°4 por Constitución'),
(469, 464, 'Candidato N°1 por Curepto'),
(470, 464, 'Candidato N°2 por Curepto'),
(471, 464, 'Candidato N°3 por Curepto'),
(472, 464, 'Candidato N°4 por Curepto'),
(473, 465, 'Candidato N°1 por Empedrado'),
(474, 465, 'Candidato N°2 por Empedrado'),
(475, 465, 'Candidato N°3 por Empedrado'),
(476, 465, 'Candidato N°4 por Empedrado'),
(477, 466, 'Candidato N°1 por Maule'),
(478, 466, 'Candidato N°2 por Maule'),
(479, 466, 'Candidato N°3 por Maule'),
(480, 466, 'Candidato N°4 por Maule'),
(481, 467, 'Candidato N°1 por Pelarco'),
(482, 467, 'Candidato N°2 por Pelarco'),
(483, 467, 'Candidato N°3 por Pelarco'),
(484, 467, 'Candidato N°4 por Pelarco'),
(485, 468, 'Candidato N°1 por Pencahue'),
(486, 468, 'Candidato N°2 por Pencahue'),
(487, 468, 'Candidato N°3 por Pencahue'),
(488, 468, 'Candidato N°4 por Pencahue'),
(489, 469, 'Candidato N°1 por Río Claro'),
(490, 469, 'Candidato N°2 por Río Claro'),
(491, 469, 'Candidato N°3 por Río Claro'),
(492, 469, 'Candidato N°4 por Río Claro'),
(493, 470, 'Candidato N°1 por San Clemente'),
(494, 470, 'Candidato N°2 por San Clemente'),
(495, 470, 'Candidato N°3 por San Clemente'),
(496, 470, 'Candidato N°4 por San Clemente'),
(497, 471, 'Candidato N°1 por San Rafael'),
(498, 471, 'Candidato N°2 por San Rafael'),
(499, 471, 'Candidato N°3 por San Rafael'),
(500, 471, 'Candidato N°4 por San Rafael'),
(501, 472, 'Candidato N°1 por Cauquenes'),
(502, 472, 'Candidato N°2 por Cauquenes'),
(503, 472, 'Candidato N°3 por Cauquenes'),
(504, 472, 'Candidato N°4 por Cauquenes'),
(505, 473, 'Candidato N°1 por Chanco'),
(506, 473, 'Candidato N°2 por Chanco'),
(507, 473, 'Candidato N°3 por Chanco'),
(508, 473, 'Candidato N°4 por Chanco'),
(509, 474, 'Candidato N°1 por Pelluhue'),
(510, 474, 'Candidato N°2 por Pelluhue'),
(511, 474, 'Candidato N°3 por Pelluhue'),
(512, 474, 'Candidato N°4 por Pelluhue'),
(513, 475, 'Candidato N°1 por Curicó'),
(514, 475, 'Candidato N°2 por Curicó'),
(515, 475, 'Candidato N°3 por Curicó'),
(516, 475, 'Candidato N°4 por Curicó'),
(517, 476, 'Candidato N°1 por Hualañé'),
(518, 476, 'Candidato N°2 por Hualañé'),
(519, 476, 'Candidato N°3 por Hualañé'),
(520, 476, 'Candidato N°4 por Hualañé'),
(521, 477, 'Candidato N°1 por Licantén'),
(522, 477, 'Candidato N°2 por Licantén'),
(523, 477, 'Candidato N°3 por Licantén'),
(524, 477, 'Candidato N°4 por Licantén'),
(525, 478, 'Candidato N°1 por Molina'),
(526, 478, 'Candidato N°2 por Molina'),
(527, 478, 'Candidato N°3 por Molina'),
(528, 478, 'Candidato N°4 por Molina'),
(529, 479, 'Candidato N°1 por Rauco'),
(530, 479, 'Candidato N°2 por Rauco'),
(531, 479, 'Candidato N°3 por Rauco'),
(532, 479, 'Candidato N°4 por Rauco'),
(533, 480, 'Candidato N°1 por Romeral'),
(534, 480, 'Candidato N°2 por Romeral'),
(535, 480, 'Candidato N°3 por Romeral'),
(536, 480, 'Candidato N°4 por Romeral'),
(537, 481, 'Candidato N°1 por Sagrada Familia'),
(538, 481, 'Candidato N°2 por Sagrada Familia'),
(539, 481, 'Candidato N°3 por Sagrada Familia'),
(540, 481, 'Candidato N°4 por Sagrada Familia'),
(541, 482, 'Candidato N°1 por Teno'),
(542, 482, 'Candidato N°2 por Teno'),
(543, 482, 'Candidato N°3 por Teno'),
(544, 482, 'Candidato N°4 por Teno'),
(545, 483, 'Candidato N°1 por Vichuquén'),
(546, 483, 'Candidato N°2 por Vichuquén'),
(547, 483, 'Candidato N°3 por Vichuquén'),
(548, 483, 'Candidato N°4 por Vichuquén'),
(549, 484, 'Candidato N°1 por Linares'),
(550, 484, 'Candidato N°2 por Linares'),
(551, 484, 'Candidato N°3 por Linares'),
(552, 484, 'Candidato N°4 por Linares'),
(553, 485, 'Candidato N°1 por Colbún'),
(554, 485, 'Candidato N°2 por Colbún'),
(555, 485, 'Candidato N°3 por Colbún'),
(556, 485, 'Candidato N°4 por Colbún'),
(557, 486, 'Candidato N°1 por Longaví'),
(558, 486, 'Candidato N°2 por Longaví'),
(559, 486, 'Candidato N°3 por Longaví'),
(560, 486, 'Candidato N°4 por Longaví'),
(561, 487, 'Candidato N°1 por Parral'),
(562, 487, 'Candidato N°2 por Parral'),
(563, 487, 'Candidato N°3 por Parral'),
(564, 487, 'Candidato N°4 por Parral'),
(565, 488, 'Candidato N°1 por Retiro'),
(566, 488, 'Candidato N°2 por Retiro'),
(567, 488, 'Candidato N°3 por Retiro'),
(568, 488, 'Candidato N°4 por Retiro'),
(569, 489, 'Candidato N°1 por San Javier'),
(570, 489, 'Candidato N°2 por San Javier'),
(571, 489, 'Candidato N°3 por San Javier'),
(572, 489, 'Candidato N°4 por San Javier'),
(573, 490, 'Candidato N°1 por Villa Alegre'),
(574, 490, 'Candidato N°2 por Villa Alegre'),
(575, 490, 'Candidato N°3 por Villa Alegre'),
(576, 490, 'Candidato N°4 por Villa Alegre'),
(577, 491, 'Candidato N°1 por Yerbas Buenas'),
(578, 491, 'Candidato N°2 por Yerbas Buenas'),
(579, 491, 'Candidato N°3 por Yerbas Buenas'),
(580, 491, 'Candidato N°4 por Yerbas Buenas'),
(581, 492, 'Candidato N°1 por Cobquecura'),
(582, 492, 'Candidato N°2 por Cobquecura'),
(583, 492, 'Candidato N°3 por Cobquecura'),
(584, 492, 'Candidato N°4 por Cobquecura'),
(585, 493, 'Candidato N°1 por Coelemu'),
(586, 493, 'Candidato N°2 por Coelemu'),
(587, 493, 'Candidato N°3 por Coelemu'),
(588, 493, 'Candidato N°4 por Coelemu'),
(589, 494, 'Candidato N°1 por Ninhue'),
(590, 494, 'Candidato N°2 por Ninhue'),
(591, 494, 'Candidato N°3 por Ninhue'),
(592, 494, 'Candidato N°4 por Ninhue'),
(593, 495, 'Candidato N°1 por Portezuelo'),
(594, 495, 'Candidato N°2 por Portezuelo'),
(595, 495, 'Candidato N°3 por Portezuelo'),
(596, 495, 'Candidato N°4 por Portezuelo'),
(597, 496, 'Candidato N°1 por Quirihue'),
(598, 496, 'Candidato N°2 por Quirihue'),
(599, 496, 'Candidato N°3 por Quirihue'),
(600, 496, 'Candidato N°4 por Quirihue'),
(601, 497, 'Candidato N°1 por Ránquil'),
(602, 497, 'Candidato N°2 por Ránquil'),
(603, 497, 'Candidato N°3 por Ránquil'),
(604, 497, 'Candidato N°4 por Ránquil'),
(605, 498, 'Candidato N°1 por Treguaco'),
(606, 498, 'Candidato N°2 por Treguaco'),
(607, 498, 'Candidato N°3 por Treguaco'),
(608, 498, 'Candidato N°4 por Treguaco'),
(609, 499, 'Candidato N°1 por Bulnes'),
(610, 499, 'Candidato N°2 por Bulnes'),
(611, 499, 'Candidato N°3 por Bulnes'),
(612, 499, 'Candidato N°4 por Bulnes'),
(613, 500, 'Candidato N°1 por Chillán Viejo'),
(614, 500, 'Candidato N°2 por Chillán Viejo'),
(615, 500, 'Candidato N°3 por Chillán Viejo'),
(616, 500, 'Candidato N°4 por Chillán Viejo'),
(617, 501, 'Candidato N°1 por Chillán'),
(618, 501, 'Candidato N°2 por Chillán'),
(619, 501, 'Candidato N°3 por Chillán'),
(620, 501, 'Candidato N°4 por Chillán'),
(621, 502, 'Candidato N°1 por El Carmen'),
(622, 502, 'Candidato N°2 por El Carmen'),
(623, 502, 'Candidato N°3 por El Carmen'),
(624, 502, 'Candidato N°4 por El Carmen'),
(625, 503, 'Candidato N°1 por Pemuco'),
(626, 503, 'Candidato N°2 por Pemuco'),
(627, 503, 'Candidato N°3 por Pemuco'),
(628, 503, 'Candidato N°4 por Pemuco'),
(629, 504, 'Candidato N°1 por Pinto'),
(630, 504, 'Candidato N°2 por Pinto'),
(631, 504, 'Candidato N°3 por Pinto'),
(632, 504, 'Candidato N°4 por Pinto'),
(633, 505, 'Candidato N°1 por Quillón'),
(634, 505, 'Candidato N°2 por Quillón'),
(635, 505, 'Candidato N°3 por Quillón'),
(636, 505, 'Candidato N°4 por Quillón'),
(637, 506, 'Candidato N°1 por San Ignacio'),
(638, 506, 'Candidato N°2 por San Ignacio'),
(639, 506, 'Candidato N°3 por San Ignacio'),
(640, 506, 'Candidato N°4 por San Ignacio'),
(641, 507, 'Candidato N°1 por Yungay'),
(642, 507, 'Candidato N°2 por Yungay'),
(643, 507, 'Candidato N°3 por Yungay'),
(644, 507, 'Candidato N°4 por Yungay'),
(645, 508, 'Candidato N°1 por Coihueco'),
(646, 508, 'Candidato N°2 por Coihueco'),
(647, 508, 'Candidato N°3 por Coihueco'),
(648, 508, 'Candidato N°4 por Coihueco'),
(649, 509, 'Candidato N°1 por Ñiquén'),
(650, 509, 'Candidato N°2 por Ñiquén'),
(651, 509, 'Candidato N°3 por Ñiquén'),
(652, 509, 'Candidato N°4 por Ñiquén'),
(653, 510, 'Candidato N°1 por San Carlos'),
(654, 510, 'Candidato N°2 por San Carlos'),
(655, 510, 'Candidato N°3 por San Carlos'),
(656, 510, 'Candidato N°4 por San Carlos'),
(657, 511, 'Candidato N°1 por San Fabián'),
(658, 511, 'Candidato N°2 por San Fabián'),
(659, 511, 'Candidato N°3 por San Fabián'),
(660, 511, 'Candidato N°4 por San Fabián'),
(661, 512, 'Candidato N°1 por San Nicolás'),
(662, 512, 'Candidato N°2 por San Nicolás'),
(663, 512, 'Candidato N°3 por San Nicolás'),
(664, 512, 'Candidato N°4 por San Nicolás'),
(665, 513, 'Candidato N°1 por Concepción'),
(666, 513, 'Candidato N°2 por Concepción'),
(667, 513, 'Candidato N°3 por Concepción'),
(668, 513, 'Candidato N°4 por Concepción'),
(669, 514, 'Candidato N°1 por Coronel'),
(670, 514, 'Candidato N°2 por Coronel'),
(671, 514, 'Candidato N°3 por Coronel'),
(672, 514, 'Candidato N°4 por Coronel'),
(673, 515, 'Candidato N°1 por Chiguayante'),
(674, 515, 'Candidato N°2 por Chiguayante'),
(675, 515, 'Candidato N°3 por Chiguayante'),
(676, 515, 'Candidato N°4 por Chiguayante'),
(677, 516, 'Candidato N°1 por Florida'),
(678, 516, 'Candidato N°2 por Florida'),
(679, 516, 'Candidato N°3 por Florida'),
(680, 516, 'Candidato N°4 por Florida'),
(681, 517, 'Candidato N°1 por Hualqui'),
(682, 517, 'Candidato N°2 por Hualqui'),
(683, 517, 'Candidato N°3 por Hualqui'),
(684, 517, 'Candidato N°4 por Hualqui'),
(685, 518, 'Candidato N°1 por Lota'),
(686, 518, 'Candidato N°2 por Lota'),
(687, 518, 'Candidato N°3 por Lota'),
(688, 518, 'Candidato N°4 por Lota'),
(689, 519, 'Candidato N°1 por Penco'),
(690, 519, 'Candidato N°2 por Penco'),
(691, 519, 'Candidato N°3 por Penco'),
(692, 519, 'Candidato N°4 por Penco'),
(693, 520, 'Candidato N°1 por San Pedro de la Paz'),
(694, 520, 'Candidato N°2 por San Pedro de la Paz'),
(695, 520, 'Candidato N°3 por San Pedro de la Paz'),
(696, 520, 'Candidato N°4 por San Pedro de la Paz'),
(697, 521, 'Candidato N°1 por Santa Juana'),
(698, 521, 'Candidato N°2 por Santa Juana'),
(699, 521, 'Candidato N°3 por Santa Juana'),
(700, 521, 'Candidato N°4 por Santa Juana'),
(701, 522, 'Candidato N°1 por Talcahuano'),
(702, 522, 'Candidato N°2 por Talcahuano'),
(703, 522, 'Candidato N°3 por Talcahuano'),
(704, 522, 'Candidato N°4 por Talcahuano'),
(705, 523, 'Candidato N°1 por Tomé'),
(706, 523, 'Candidato N°2 por Tomé'),
(707, 523, 'Candidato N°3 por Tomé'),
(708, 523, 'Candidato N°4 por Tomé'),
(709, 524, 'Candidato N°1 por Hualpén'),
(710, 524, 'Candidato N°2 por Hualpén'),
(711, 524, 'Candidato N°3 por Hualpén'),
(712, 524, 'Candidato N°4 por Hualpén'),
(713, 525, 'Candidato N°1 por Lebu'),
(714, 525, 'Candidato N°2 por Lebu'),
(715, 525, 'Candidato N°3 por Lebu'),
(716, 525, 'Candidato N°4 por Lebu'),
(717, 526, 'Candidato N°1 por Arauco'),
(718, 526, 'Candidato N°2 por Arauco'),
(719, 526, 'Candidato N°3 por Arauco'),
(720, 526, 'Candidato N°4 por Arauco'),
(721, 527, 'Candidato N°1 por Cañete'),
(722, 527, 'Candidato N°2 por Cañete'),
(723, 527, 'Candidato N°3 por Cañete'),
(724, 527, 'Candidato N°4 por Cañete'),
(725, 528, 'Candidato N°1 por Contulmo'),
(726, 528, 'Candidato N°2 por Contulmo'),
(727, 528, 'Candidato N°3 por Contulmo'),
(728, 528, 'Candidato N°4 por Contulmo'),
(729, 529, 'Candidato N°1 por Curanilahue'),
(730, 529, 'Candidato N°2 por Curanilahue'),
(731, 529, 'Candidato N°3 por Curanilahue'),
(732, 529, 'Candidato N°4 por Curanilahue'),
(733, 530, 'Candidato N°1 por Los Álamos'),
(734, 530, 'Candidato N°2 por Los Álamos'),
(735, 530, 'Candidato N°3 por Los Álamos'),
(736, 530, 'Candidato N°4 por Los Álamos'),
(737, 531, 'Candidato N°1 por Tirúa'),
(738, 531, 'Candidato N°2 por Tirúa'),
(739, 531, 'Candidato N°3 por Tirúa'),
(740, 531, 'Candidato N°4 por Tirúa'),
(741, 532, 'Candidato N°1 por Los Ángeles'),
(742, 532, 'Candidato N°2 por Los Ángeles'),
(743, 532, 'Candidato N°3 por Los Ángeles'),
(744, 532, 'Candidato N°4 por Los Ángeles'),
(745, 533, 'Candidato N°1 por Antuco'),
(746, 533, 'Candidato N°2 por Antuco'),
(747, 533, 'Candidato N°3 por Antuco'),
(748, 533, 'Candidato N°4 por Antuco'),
(749, 534, 'Candidato N°1 por Cabrero'),
(750, 534, 'Candidato N°2 por Cabrero'),
(751, 534, 'Candidato N°3 por Cabrero'),
(752, 534, 'Candidato N°4 por Cabrero'),
(753, 535, 'Candidato N°1 por Laja'),
(754, 535, 'Candidato N°2 por Laja'),
(755, 535, 'Candidato N°3 por Laja'),
(756, 535, 'Candidato N°4 por Laja'),
(757, 536, 'Candidato N°1 por Mulchén'),
(758, 536, 'Candidato N°2 por Mulchén'),
(759, 536, 'Candidato N°3 por Mulchén'),
(760, 536, 'Candidato N°4 por Mulchén'),
(761, 537, 'Candidato N°1 por Nacimiento'),
(762, 537, 'Candidato N°2 por Nacimiento'),
(763, 537, 'Candidato N°3 por Nacimiento'),
(764, 537, 'Candidato N°4 por Nacimiento'),
(765, 538, 'Candidato N°1 por Negrete'),
(766, 538, 'Candidato N°2 por Negrete'),
(767, 538, 'Candidato N°3 por Negrete'),
(768, 538, 'Candidato N°4 por Negrete'),
(769, 539, 'Candidato N°1 por Quilaco'),
(770, 539, 'Candidato N°2 por Quilaco'),
(771, 539, 'Candidato N°3 por Quilaco'),
(772, 539, 'Candidato N°4 por Quilaco'),
(773, 540, 'Candidato N°1 por Quilleco'),
(774, 540, 'Candidato N°2 por Quilleco'),
(775, 540, 'Candidato N°3 por Quilleco'),
(776, 540, 'Candidato N°4 por Quilleco'),
(777, 541, 'Candidato N°1 por San Rosendo'),
(778, 541, 'Candidato N°2 por San Rosendo'),
(779, 541, 'Candidato N°3 por San Rosendo'),
(780, 541, 'Candidato N°4 por San Rosendo'),
(781, 542, 'Candidato N°1 por Santa Bárbara'),
(782, 542, 'Candidato N°2 por Santa Bárbara'),
(783, 542, 'Candidato N°3 por Santa Bárbara'),
(784, 542, 'Candidato N°4 por Santa Bárbara'),
(785, 543, 'Candidato N°1 por Tucapel'),
(786, 543, 'Candidato N°2 por Tucapel'),
(787, 543, 'Candidato N°3 por Tucapel'),
(788, 543, 'Candidato N°4 por Tucapel'),
(789, 544, 'Candidato N°1 por Yumbel'),
(790, 544, 'Candidato N°2 por Yumbel'),
(791, 544, 'Candidato N°3 por Yumbel'),
(792, 544, 'Candidato N°4 por Yumbel'),
(793, 545, 'Candidato N°1 por Alto Biobío'),
(794, 545, 'Candidato N°2 por Alto Biobío'),
(795, 545, 'Candidato N°3 por Alto Biobío'),
(796, 545, 'Candidato N°4 por Alto Biobío'),
(797, 546, 'Candidato N°1 por Temuco'),
(798, 546, 'Candidato N°2 por Temuco'),
(799, 546, 'Candidato N°3 por Temuco'),
(800, 546, 'Candidato N°4 por Temuco'),
(801, 547, 'Candidato N°1 por Carahue'),
(802, 547, 'Candidato N°2 por Carahue'),
(803, 547, 'Candidato N°3 por Carahue'),
(804, 547, 'Candidato N°4 por Carahue'),
(805, 548, 'Candidato N°1 por Cunco'),
(806, 548, 'Candidato N°2 por Cunco'),
(807, 548, 'Candidato N°3 por Cunco'),
(808, 548, 'Candidato N°4 por Cunco'),
(809, 549, 'Candidato N°1 por Curarrehue'),
(810, 549, 'Candidato N°2 por Curarrehue'),
(811, 549, 'Candidato N°3 por Curarrehue'),
(812, 549, 'Candidato N°4 por Curarrehue'),
(813, 550, 'Candidato N°1 por Freire'),
(814, 550, 'Candidato N°2 por Freire'),
(815, 550, 'Candidato N°3 por Freire'),
(816, 550, 'Candidato N°4 por Freire'),
(817, 551, 'Candidato N°1 por Galvarino'),
(818, 551, 'Candidato N°2 por Galvarino'),
(819, 551, 'Candidato N°3 por Galvarino'),
(820, 551, 'Candidato N°4 por Galvarino'),
(821, 552, 'Candidato N°1 por Gorbea'),
(822, 552, 'Candidato N°2 por Gorbea'),
(823, 552, 'Candidato N°3 por Gorbea'),
(824, 552, 'Candidato N°4 por Gorbea'),
(825, 553, 'Candidato N°1 por Lautaro'),
(826, 553, 'Candidato N°2 por Lautaro'),
(827, 553, 'Candidato N°3 por Lautaro'),
(828, 553, 'Candidato N°4 por Lautaro'),
(829, 554, 'Candidato N°1 por Loncoche'),
(830, 554, 'Candidato N°2 por Loncoche'),
(831, 554, 'Candidato N°3 por Loncoche'),
(832, 554, 'Candidato N°4 por Loncoche'),
(833, 555, 'Candidato N°1 por Melipeuco'),
(834, 555, 'Candidato N°2 por Melipeuco'),
(835, 555, 'Candidato N°3 por Melipeuco'),
(836, 555, 'Candidato N°4 por Melipeuco'),
(837, 556, 'Candidato N°1 por Nueva Imperial'),
(838, 556, 'Candidato N°2 por Nueva Imperial'),
(839, 556, 'Candidato N°3 por Nueva Imperial'),
(840, 556, 'Candidato N°4 por Nueva Imperial'),
(841, 557, 'Candidato N°1 por Padre las Casas'),
(842, 557, 'Candidato N°2 por Padre las Casas'),
(843, 557, 'Candidato N°3 por Padre las Casas'),
(844, 557, 'Candidato N°4 por Padre las Casas'),
(845, 558, 'Candidato N°1 por Perquenco'),
(846, 558, 'Candidato N°2 por Perquenco'),
(847, 558, 'Candidato N°3 por Perquenco'),
(848, 558, 'Candidato N°4 por Perquenco'),
(849, 559, 'Candidato N°1 por Pitrufquén'),
(850, 559, 'Candidato N°2 por Pitrufquén'),
(851, 559, 'Candidato N°3 por Pitrufquén'),
(852, 559, 'Candidato N°4 por Pitrufquén'),
(853, 560, 'Candidato N°1 por Pucón'),
(854, 560, 'Candidato N°2 por Pucón'),
(855, 560, 'Candidato N°3 por Pucón'),
(856, 560, 'Candidato N°4 por Pucón'),
(857, 561, 'Candidato N°1 por Saavedra'),
(858, 561, 'Candidato N°2 por Saavedra'),
(859, 561, 'Candidato N°3 por Saavedra'),
(860, 561, 'Candidato N°4 por Saavedra'),
(861, 562, 'Candidato N°1 por Teodoro Schmidt'),
(862, 562, 'Candidato N°2 por Teodoro Schmidt'),
(863, 562, 'Candidato N°3 por Teodoro Schmidt'),
(864, 562, 'Candidato N°4 por Teodoro Schmidt'),
(865, 563, 'Candidato N°1 por Toltén'),
(866, 563, 'Candidato N°2 por Toltén'),
(867, 563, 'Candidato N°3 por Toltén'),
(868, 563, 'Candidato N°4 por Toltén'),
(869, 564, 'Candidato N°1 por Vilcún'),
(870, 564, 'Candidato N°2 por Vilcún'),
(871, 564, 'Candidato N°3 por Vilcún'),
(872, 564, 'Candidato N°4 por Vilcún'),
(873, 565, 'Candidato N°1 por Villarrica'),
(874, 565, 'Candidato N°2 por Villarrica'),
(875, 565, 'Candidato N°3 por Villarrica'),
(876, 565, 'Candidato N°4 por Villarrica'),
(877, 566, 'Candidato N°1 por Cholchol'),
(878, 566, 'Candidato N°2 por Cholchol'),
(879, 566, 'Candidato N°3 por Cholchol'),
(880, 566, 'Candidato N°4 por Cholchol'),
(881, 567, 'Candidato N°1 por Angol'),
(882, 567, 'Candidato N°2 por Angol'),
(883, 567, 'Candidato N°3 por Angol'),
(884, 567, 'Candidato N°4 por Angol'),
(885, 568, 'Candidato N°1 por Collipulli'),
(886, 568, 'Candidato N°2 por Collipulli'),
(887, 568, 'Candidato N°3 por Collipulli'),
(888, 568, 'Candidato N°4 por Collipulli'),
(889, 569, 'Candidato N°1 por Curacautín'),
(890, 569, 'Candidato N°2 por Curacautín'),
(891, 569, 'Candidato N°3 por Curacautín'),
(892, 569, 'Candidato N°4 por Curacautín'),
(893, 570, 'Candidato N°1 por Ercilla'),
(894, 570, 'Candidato N°2 por Ercilla'),
(895, 570, 'Candidato N°3 por Ercilla'),
(896, 570, 'Candidato N°4 por Ercilla'),
(897, 571, 'Candidato N°1 por Lonquimay'),
(898, 571, 'Candidato N°2 por Lonquimay'),
(899, 571, 'Candidato N°3 por Lonquimay'),
(900, 571, 'Candidato N°4 por Lonquimay'),
(901, 572, 'Candidato N°1 por Los Sauces'),
(902, 572, 'Candidato N°2 por Los Sauces'),
(903, 572, 'Candidato N°3 por Los Sauces'),
(904, 572, 'Candidato N°4 por Los Sauces'),
(905, 573, 'Candidato N°1 por Lumaco'),
(906, 573, 'Candidato N°2 por Lumaco'),
(907, 573, 'Candidato N°3 por Lumaco'),
(908, 573, 'Candidato N°4 por Lumaco'),
(909, 574, 'Candidato N°1 por Purén'),
(910, 574, 'Candidato N°2 por Purén'),
(911, 574, 'Candidato N°3 por Purén'),
(912, 574, 'Candidato N°4 por Purén'),
(913, 575, 'Candidato N°1 por Renaico'),
(914, 575, 'Candidato N°2 por Renaico'),
(915, 575, 'Candidato N°3 por Renaico'),
(916, 575, 'Candidato N°4 por Renaico'),
(917, 576, 'Candidato N°1 por Traiguén'),
(918, 576, 'Candidato N°2 por Traiguén'),
(919, 576, 'Candidato N°3 por Traiguén'),
(920, 576, 'Candidato N°4 por Traiguén'),
(921, 577, 'Candidato N°1 por Victoria'),
(922, 577, 'Candidato N°2 por Victoria'),
(923, 577, 'Candidato N°3 por Victoria'),
(924, 577, 'Candidato N°4 por Victoria'),
(925, 578, 'Candidato N°1 por Valdivia'),
(926, 578, 'Candidato N°2 por Valdivia'),
(927, 578, 'Candidato N°3 por Valdivia'),
(928, 578, 'Candidato N°4 por Valdivia'),
(929, 579, 'Candidato N°1 por Corral'),
(930, 579, 'Candidato N°2 por Corral'),
(931, 579, 'Candidato N°3 por Corral'),
(932, 579, 'Candidato N°4 por Corral'),
(933, 580, 'Candidato N°1 por Lanco'),
(934, 580, 'Candidato N°2 por Lanco'),
(935, 580, 'Candidato N°3 por Lanco'),
(936, 580, 'Candidato N°4 por Lanco'),
(937, 581, 'Candidato N°1 por Los Lagos'),
(938, 581, 'Candidato N°2 por Los Lagos'),
(939, 581, 'Candidato N°3 por Los Lagos'),
(940, 581, 'Candidato N°4 por Los Lagos'),
(941, 582, 'Candidato N°1 por Máfil'),
(942, 582, 'Candidato N°2 por Máfil'),
(943, 582, 'Candidato N°3 por Máfil'),
(944, 582, 'Candidato N°4 por Máfil'),
(945, 583, 'Candidato N°1 por Mariquina'),
(946, 583, 'Candidato N°2 por Mariquina'),
(947, 583, 'Candidato N°3 por Mariquina'),
(948, 583, 'Candidato N°4 por Mariquina'),
(949, 584, 'Candidato N°1 por Paillaco'),
(950, 584, 'Candidato N°2 por Paillaco'),
(951, 584, 'Candidato N°3 por Paillaco'),
(952, 584, 'Candidato N°4 por Paillaco'),
(953, 585, 'Candidato N°1 por Panguipulli'),
(954, 585, 'Candidato N°2 por Panguipulli'),
(955, 585, 'Candidato N°3 por Panguipulli'),
(956, 585, 'Candidato N°4 por Panguipulli'),
(957, 586, 'Candidato N°1 por La Unión'),
(958, 586, 'Candidato N°2 por La Unión'),
(959, 586, 'Candidato N°3 por La Unión'),
(960, 586, 'Candidato N°4 por La Unión'),
(961, 587, 'Candidato N°1 por Futrono'),
(962, 587, 'Candidato N°2 por Futrono'),
(963, 587, 'Candidato N°3 por Futrono'),
(964, 587, 'Candidato N°4 por Futrono'),
(965, 588, 'Candidato N°1 por Lago Ranco'),
(966, 588, 'Candidato N°2 por Lago Ranco'),
(967, 588, 'Candidato N°3 por Lago Ranco'),
(968, 588, 'Candidato N°4 por Lago Ranco'),
(969, 589, 'Candidato N°1 por Río Bueno'),
(970, 589, 'Candidato N°2 por Río Bueno'),
(971, 589, 'Candidato N°3 por Río Bueno'),
(972, 589, 'Candidato N°4 por Río Bueno'),
(973, 590, 'Candidato N°1 por Puerto Montt'),
(974, 590, 'Candidato N°2 por Puerto Montt'),
(975, 590, 'Candidato N°3 por Puerto Montt'),
(976, 590, 'Candidato N°4 por Puerto Montt'),
(977, 591, 'Candidato N°1 por Calbuco'),
(978, 591, 'Candidato N°2 por Calbuco'),
(979, 591, 'Candidato N°3 por Calbuco'),
(980, 591, 'Candidato N°4 por Calbuco'),
(981, 592, 'Candidato N°1 por Cochamó'),
(982, 592, 'Candidato N°2 por Cochamó'),
(983, 592, 'Candidato N°3 por Cochamó'),
(984, 592, 'Candidato N°4 por Cochamó'),
(985, 593, 'Candidato N°1 por Fresia'),
(986, 593, 'Candidato N°2 por Fresia'),
(987, 593, 'Candidato N°3 por Fresia'),
(988, 593, 'Candidato N°4 por Fresia'),
(989, 594, 'Candidato N°1 por Frutillar'),
(990, 594, 'Candidato N°2 por Frutillar'),
(991, 594, 'Candidato N°3 por Frutillar'),
(992, 594, 'Candidato N°4 por Frutillar'),
(993, 595, 'Candidato N°1 por Los Muermos'),
(994, 595, 'Candidato N°2 por Los Muermos'),
(995, 595, 'Candidato N°3 por Los Muermos'),
(996, 595, 'Candidato N°4 por Los Muermos'),
(997, 596, 'Candidato N°1 por Llanquihue'),
(998, 596, 'Candidato N°2 por Llanquihue'),
(999, 596, 'Candidato N°3 por Llanquihue'),
(1000, 596, 'Candidato N°4 por Llanquihue'),
(1001, 597, 'Candidato N°1 por Maullín'),
(1002, 597, 'Candidato N°2 por Maullín'),
(1003, 597, 'Candidato N°3 por Maullín'),
(1004, 597, 'Candidato N°4 por Maullín'),
(1005, 598, 'Candidato N°1 por Puerto Varas'),
(1006, 598, 'Candidato N°2 por Puerto Varas'),
(1007, 598, 'Candidato N°3 por Puerto Varas'),
(1008, 598, 'Candidato N°4 por Puerto Varas'),
(1009, 599, 'Candidato N°1 por Castro'),
(1010, 599, 'Candidato N°2 por Castro'),
(1011, 599, 'Candidato N°3 por Castro'),
(1012, 599, 'Candidato N°4 por Castro'),
(1013, 600, 'Candidato N°1 por Ancud'),
(1014, 600, 'Candidato N°2 por Ancud'),
(1015, 600, 'Candidato N°3 por Ancud'),
(1016, 600, 'Candidato N°4 por Ancud'),
(1017, 601, 'Candidato N°1 por Chonchi'),
(1018, 601, 'Candidato N°2 por Chonchi'),
(1019, 601, 'Candidato N°3 por Chonchi'),
(1020, 601, 'Candidato N°4 por Chonchi'),
(1021, 602, 'Candidato N°1 por Curaco de Vélez'),
(1022, 602, 'Candidato N°2 por Curaco de Vélez'),
(1023, 602, 'Candidato N°3 por Curaco de Vélez'),
(1024, 602, 'Candidato N°4 por Curaco de Vélez'),
(1025, 603, 'Candidato N°1 por Dalcahue'),
(1026, 603, 'Candidato N°2 por Dalcahue'),
(1027, 603, 'Candidato N°3 por Dalcahue'),
(1028, 603, 'Candidato N°4 por Dalcahue'),
(1029, 604, 'Candidato N°1 por Puqueldón'),
(1030, 604, 'Candidato N°2 por Puqueldón'),
(1031, 604, 'Candidato N°3 por Puqueldón'),
(1032, 604, 'Candidato N°4 por Puqueldón'),
(1033, 605, 'Candidato N°1 por Queilén'),
(1034, 605, 'Candidato N°2 por Queilén'),
(1035, 605, 'Candidato N°3 por Queilén'),
(1036, 605, 'Candidato N°4 por Queilén'),
(1037, 606, 'Candidato N°1 por Quellón'),
(1038, 606, 'Candidato N°2 por Quellón'),
(1039, 606, 'Candidato N°3 por Quellón'),
(1040, 606, 'Candidato N°4 por Quellón'),
(1041, 607, 'Candidato N°1 por Quemchi'),
(1042, 607, 'Candidato N°2 por Quemchi'),
(1043, 607, 'Candidato N°3 por Quemchi'),
(1044, 607, 'Candidato N°4 por Quemchi'),
(1045, 608, 'Candidato N°1 por Quinchao'),
(1046, 608, 'Candidato N°2 por Quinchao'),
(1047, 608, 'Candidato N°3 por Quinchao'),
(1048, 608, 'Candidato N°4 por Quinchao'),
(1049, 609, 'Candidato N°1 por Osorno'),
(1050, 609, 'Candidato N°2 por Osorno'),
(1051, 609, 'Candidato N°3 por Osorno'),
(1052, 609, 'Candidato N°4 por Osorno'),
(1053, 610, 'Candidato N°1 por Puerto Octay'),
(1054, 610, 'Candidato N°2 por Puerto Octay'),
(1055, 610, 'Candidato N°3 por Puerto Octay'),
(1056, 610, 'Candidato N°4 por Puerto Octay'),
(1057, 611, 'Candidato N°1 por Purranque'),
(1058, 611, 'Candidato N°2 por Purranque'),
(1059, 611, 'Candidato N°3 por Purranque'),
(1060, 611, 'Candidato N°4 por Purranque'),
(1061, 612, 'Candidato N°1 por Puyehue'),
(1062, 612, 'Candidato N°2 por Puyehue'),
(1063, 612, 'Candidato N°3 por Puyehue'),
(1064, 612, 'Candidato N°4 por Puyehue'),
(1065, 613, 'Candidato N°1 por Río Negro'),
(1066, 613, 'Candidato N°2 por Río Negro'),
(1067, 613, 'Candidato N°3 por Río Negro'),
(1068, 613, 'Candidato N°4 por Río Negro'),
(1069, 614, 'Candidato N°1 por San Juan de la Costa'),
(1070, 614, 'Candidato N°2 por San Juan de la Costa'),
(1071, 614, 'Candidato N°3 por San Juan de la Costa'),
(1072, 614, 'Candidato N°4 por San Juan de la Costa'),
(1073, 615, 'Candidato N°1 por San Pablo'),
(1074, 615, 'Candidato N°2 por San Pablo'),
(1075, 615, 'Candidato N°3 por San Pablo'),
(1076, 615, 'Candidato N°4 por San Pablo'),
(1077, 616, 'Candidato N°1 por Chaitén'),
(1078, 616, 'Candidato N°2 por Chaitén'),
(1079, 616, 'Candidato N°3 por Chaitén'),
(1080, 616, 'Candidato N°4 por Chaitén'),
(1081, 617, 'Candidato N°1 por Futaleufú'),
(1082, 617, 'Candidato N°2 por Futaleufú'),
(1083, 617, 'Candidato N°3 por Futaleufú'),
(1084, 617, 'Candidato N°4 por Futaleufú'),
(1085, 618, 'Candidato N°1 por Hualaihué'),
(1086, 618, 'Candidato N°2 por Hualaihué'),
(1087, 618, 'Candidato N°3 por Hualaihué'),
(1088, 618, 'Candidato N°4 por Hualaihué'),
(1089, 619, 'Candidato N°1 por Palena'),
(1090, 619, 'Candidato N°2 por Palena'),
(1091, 619, 'Candidato N°3 por Palena'),
(1092, 619, 'Candidato N°4 por Palena'),
(1093, 620, 'Candidato N°1 por Coihaique'),
(1094, 620, 'Candidato N°2 por Coihaique'),
(1095, 620, 'Candidato N°3 por Coihaique'),
(1096, 620, 'Candidato N°4 por Coihaique'),
(1097, 621, 'Candidato N°1 por Lago Verde'),
(1098, 621, 'Candidato N°2 por Lago Verde'),
(1099, 621, 'Candidato N°3 por Lago Verde'),
(1100, 621, 'Candidato N°4 por Lago Verde'),
(1101, 622, 'Candidato N°1 por Aisén'),
(1102, 622, 'Candidato N°2 por Aisén'),
(1103, 622, 'Candidato N°3 por Aisén'),
(1104, 622, 'Candidato N°4 por Aisén'),
(1105, 623, 'Candidato N°1 por Cisnes'),
(1106, 623, 'Candidato N°2 por Cisnes'),
(1107, 623, 'Candidato N°3 por Cisnes'),
(1108, 623, 'Candidato N°4 por Cisnes'),
(1109, 624, 'Candidato N°1 por Guaitecas'),
(1110, 624, 'Candidato N°2 por Guaitecas'),
(1111, 624, 'Candidato N°3 por Guaitecas'),
(1112, 624, 'Candidato N°4 por Guaitecas'),
(1113, 625, 'Candidato N°1 por Cochrane'),
(1114, 625, 'Candidato N°2 por Cochrane'),
(1115, 625, 'Candidato N°3 por Cochrane'),
(1116, 625, 'Candidato N°4 por Cochrane'),
(1117, 626, 'Candidato N°1 por O’Higgins'),
(1118, 626, 'Candidato N°2 por O’Higgins'),
(1119, 626, 'Candidato N°3 por O’Higgins'),
(1120, 626, 'Candidato N°4 por O’Higgins'),
(1121, 627, 'Candidato N°1 por Tortel'),
(1122, 627, 'Candidato N°2 por Tortel'),
(1123, 627, 'Candidato N°3 por Tortel'),
(1124, 627, 'Candidato N°4 por Tortel'),
(1125, 628, 'Candidato N°1 por Chile Chico'),
(1126, 628, 'Candidato N°2 por Chile Chico'),
(1127, 628, 'Candidato N°3 por Chile Chico'),
(1128, 628, 'Candidato N°4 por Chile Chico'),
(1129, 629, 'Candidato N°1 por Río Ibáñez'),
(1130, 629, 'Candidato N°2 por Río Ibáñez'),
(1131, 629, 'Candidato N°3 por Río Ibáñez'),
(1132, 629, 'Candidato N°4 por Río Ibáñez'),
(1133, 630, 'Candidato N°1 por Punta Arenas'),
(1134, 630, 'Candidato N°2 por Punta Arenas'),
(1135, 630, 'Candidato N°3 por Punta Arenas'),
(1136, 630, 'Candidato N°4 por Punta Arenas'),
(1137, 631, 'Candidato N°1 por Laguna Blanca'),
(1138, 631, 'Candidato N°2 por Laguna Blanca'),
(1139, 631, 'Candidato N°3 por Laguna Blanca'),
(1140, 631, 'Candidato N°4 por Laguna Blanca'),
(1141, 632, 'Candidato N°1 por Río Verde'),
(1142, 632, 'Candidato N°2 por Río Verde'),
(1143, 632, 'Candidato N°3 por Río Verde'),
(1144, 632, 'Candidato N°4 por Río Verde'),
(1145, 633, 'Candidato N°1 por San Gregorio'),
(1146, 633, 'Candidato N°2 por San Gregorio'),
(1147, 633, 'Candidato N°3 por San Gregorio'),
(1148, 633, 'Candidato N°4 por San Gregorio'),
(1149, 634, 'Candidato N°1 por Cabo de Hornos (Ex Navarino)'),
(1150, 634, 'Candidato N°2 por Cabo de Hornos (Ex Navarino)'),
(1151, 634, 'Candidato N°3 por Cabo de Hornos (Ex Navarino)'),
(1152, 634, 'Candidato N°4 por Cabo de Hornos (Ex Navarino)'),
(1153, 635, 'Candidato N°1 por Antártica'),
(1154, 635, 'Candidato N°2 por Antártica'),
(1155, 635, 'Candidato N°3 por Antártica'),
(1156, 635, 'Candidato N°4 por Antártica'),
(1157, 636, 'Candidato N°1 por Porvenir'),
(1158, 636, 'Candidato N°2 por Porvenir'),
(1159, 636, 'Candidato N°3 por Porvenir'),
(1160, 636, 'Candidato N°4 por Porvenir'),
(1161, 637, 'Candidato N°1 por Primavera'),
(1162, 637, 'Candidato N°2 por Primavera'),
(1163, 637, 'Candidato N°3 por Primavera'),
(1164, 637, 'Candidato N°4 por Primavera'),
(1165, 638, 'Candidato N°1 por Timaukel'),
(1166, 638, 'Candidato N°2 por Timaukel'),
(1167, 638, 'Candidato N°3 por Timaukel'),
(1168, 638, 'Candidato N°4 por Timaukel'),
(1169, 639, 'Candidato N°1 por Natales'),
(1170, 639, 'Candidato N°2 por Natales'),
(1171, 639, 'Candidato N°3 por Natales'),
(1172, 639, 'Candidato N°4 por Natales'),
(1173, 640, 'Candidato N°1 por Torres del Paine'),
(1174, 640, 'Candidato N°2 por Torres del Paine'),
(1175, 640, 'Candidato N°3 por Torres del Paine'),
(1176, 640, 'Candidato N°4 por Torres del Paine'),
(1177, 641, 'Candidato N°1 por Cerrillos'),
(1178, 641, 'Candidato N°2 por Cerrillos'),
(1179, 641, 'Candidato N°3 por Cerrillos'),
(1180, 641, 'Candidato N°4 por Cerrillos'),
(1181, 642, 'Candidato N°1 por Cerro Navia'),
(1182, 642, 'Candidato N°2 por Cerro Navia'),
(1183, 642, 'Candidato N°3 por Cerro Navia'),
(1184, 642, 'Candidato N°4 por Cerro Navia'),
(1185, 643, 'Candidato N°1 por Conchalí'),
(1186, 643, 'Candidato N°2 por Conchalí'),
(1187, 643, 'Candidato N°3 por Conchalí'),
(1188, 643, 'Candidato N°4 por Conchalí'),
(1189, 644, 'Candidato N°1 por El Bosque'),
(1190, 644, 'Candidato N°2 por El Bosque'),
(1191, 644, 'Candidato N°3 por El Bosque'),
(1192, 644, 'Candidato N°4 por El Bosque'),
(1193, 645, 'Candidato N°1 por Estación Central'),
(1194, 645, 'Candidato N°2 por Estación Central'),
(1195, 645, 'Candidato N°3 por Estación Central'),
(1196, 645, 'Candidato N°4 por Estación Central'),
(1197, 646, 'Candidato N°1 por Huechuraba'),
(1198, 646, 'Candidato N°2 por Huechuraba'),
(1199, 646, 'Candidato N°3 por Huechuraba'),
(1200, 646, 'Candidato N°4 por Huechuraba'),
(1201, 647, 'Candidato N°1 por Independencia'),
(1202, 647, 'Candidato N°2 por Independencia'),
(1203, 647, 'Candidato N°3 por Independencia'),
(1204, 647, 'Candidato N°4 por Independencia'),
(1205, 648, 'Candidato N°1 por La Cisterna'),
(1206, 648, 'Candidato N°2 por La Cisterna'),
(1207, 648, 'Candidato N°3 por La Cisterna'),
(1208, 648, 'Candidato N°4 por La Cisterna'),
(1209, 649, 'Candidato N°1 por La Florida'),
(1210, 649, 'Candidato N°2 por La Florida'),
(1211, 649, 'Candidato N°3 por La Florida'),
(1212, 649, 'Candidato N°4 por La Florida'),
(1213, 650, 'Candidato N°1 por La Granja'),
(1214, 650, 'Candidato N°2 por La Granja'),
(1215, 650, 'Candidato N°3 por La Granja'),
(1216, 650, 'Candidato N°4 por La Granja'),
(1217, 651, 'Candidato N°1 por La Pintana'),
(1218, 651, 'Candidato N°2 por La Pintana'),
(1219, 651, 'Candidato N°3 por La Pintana'),
(1220, 651, 'Candidato N°4 por La Pintana'),
(1221, 652, 'Candidato N°1 por La Reina'),
(1222, 652, 'Candidato N°2 por La Reina'),
(1223, 652, 'Candidato N°3 por La Reina'),
(1224, 652, 'Candidato N°4 por La Reina');
INSERT INTO `candidatos` (`id`, `id_comuna`, `nombre_candidato`) VALUES
(1225, 653, 'Candidato N°1 por Las Condes'),
(1226, 653, 'Candidato N°2 por Las Condes'),
(1227, 653, 'Candidato N°3 por Las Condes'),
(1228, 653, 'Candidato N°4 por Las Condes'),
(1229, 654, 'Candidato N°1 por Lo Barnechea'),
(1230, 654, 'Candidato N°2 por Lo Barnechea'),
(1231, 654, 'Candidato N°3 por Lo Barnechea'),
(1232, 654, 'Candidato N°4 por Lo Barnechea'),
(1233, 655, 'Candidato N°1 por Lo Espejo'),
(1234, 655, 'Candidato N°2 por Lo Espejo'),
(1235, 655, 'Candidato N°3 por Lo Espejo'),
(1236, 655, 'Candidato N°4 por Lo Espejo'),
(1237, 656, 'Candidato N°1 por Lo Prado'),
(1238, 656, 'Candidato N°2 por Lo Prado'),
(1239, 656, 'Candidato N°3 por Lo Prado'),
(1240, 656, 'Candidato N°4 por Lo Prado'),
(1241, 657, 'Candidato N°1 por Macul'),
(1242, 657, 'Candidato N°2 por Macul'),
(1243, 657, 'Candidato N°3 por Macul'),
(1244, 657, 'Candidato N°4 por Macul'),
(1245, 658, 'Candidato N°1 por Maipú'),
(1246, 658, 'Candidato N°2 por Maipú'),
(1247, 658, 'Candidato N°3 por Maipú'),
(1248, 658, 'Candidato N°4 por Maipú'),
(1249, 659, 'Candidato N°1 por Ñuñoa'),
(1250, 659, 'Candidato N°2 por Ñuñoa'),
(1251, 659, 'Candidato N°3 por Ñuñoa'),
(1252, 659, 'Candidato N°4 por Ñuñoa'),
(1253, 660, 'Candidato N°1 por Pedro Aguirre Cerda'),
(1254, 660, 'Candidato N°2 por Pedro Aguirre Cerda'),
(1255, 660, 'Candidato N°3 por Pedro Aguirre Cerda'),
(1256, 660, 'Candidato N°4 por Pedro Aguirre Cerda'),
(1257, 661, 'Candidato N°1 por Peñalolén'),
(1258, 661, 'Candidato N°2 por Peñalolén'),
(1259, 661, 'Candidato N°3 por Peñalolén'),
(1260, 661, 'Candidato N°4 por Peñalolén'),
(1261, 662, 'Candidato N°1 por Providencia'),
(1262, 662, 'Candidato N°2 por Providencia'),
(1263, 662, 'Candidato N°3 por Providencia'),
(1264, 662, 'Candidato N°4 por Providencia'),
(1265, 663, 'Candidato N°1 por Pudahuel'),
(1266, 663, 'Candidato N°2 por Pudahuel'),
(1267, 663, 'Candidato N°3 por Pudahuel'),
(1268, 663, 'Candidato N°4 por Pudahuel'),
(1269, 664, 'Candidato N°1 por Quilicura'),
(1270, 664, 'Candidato N°2 por Quilicura'),
(1271, 664, 'Candidato N°3 por Quilicura'),
(1272, 664, 'Candidato N°4 por Quilicura'),
(1273, 665, 'Candidato N°1 por Quinta Normal'),
(1274, 665, 'Candidato N°2 por Quinta Normal'),
(1275, 665, 'Candidato N°3 por Quinta Normal'),
(1276, 665, 'Candidato N°4 por Quinta Normal'),
(1277, 666, 'Candidato N°1 por Recoleta'),
(1278, 666, 'Candidato N°2 por Recoleta'),
(1279, 666, 'Candidato N°3 por Recoleta'),
(1280, 666, 'Candidato N°4 por Recoleta'),
(1281, 667, 'Candidato N°1 por Renca'),
(1282, 667, 'Candidato N°2 por Renca'),
(1283, 667, 'Candidato N°3 por Renca'),
(1284, 667, 'Candidato N°4 por Renca'),
(1285, 668, 'Candidato N°1 por Santiago'),
(1286, 668, 'Candidato N°2 por Santiago'),
(1287, 668, 'Candidato N°3 por Santiago'),
(1288, 668, 'Candidato N°4 por Santiago'),
(1289, 669, 'Candidato N°1 por San Joaquín'),
(1290, 669, 'Candidato N°2 por San Joaquín'),
(1291, 669, 'Candidato N°3 por San Joaquín'),
(1292, 669, 'Candidato N°4 por San Joaquín'),
(1293, 670, 'Candidato N°1 por San Miguel'),
(1294, 670, 'Candidato N°2 por San Miguel'),
(1295, 670, 'Candidato N°3 por San Miguel'),
(1296, 670, 'Candidato N°4 por San Miguel'),
(1297, 671, 'Candidato N°1 por San Ramón'),
(1298, 671, 'Candidato N°2 por San Ramón'),
(1299, 671, 'Candidato N°3 por San Ramón'),
(1300, 671, 'Candidato N°4 por San Ramón'),
(1301, 672, 'Candidato N°1 por Vitacura'),
(1302, 672, 'Candidato N°2 por Vitacura'),
(1303, 672, 'Candidato N°3 por Vitacura'),
(1304, 672, 'Candidato N°4 por Vitacura'),
(1305, 673, 'Candidato N°1 por Puente Alto'),
(1306, 673, 'Candidato N°2 por Puente Alto'),
(1307, 673, 'Candidato N°3 por Puente Alto'),
(1308, 673, 'Candidato N°4 por Puente Alto'),
(1309, 674, 'Candidato N°1 por Pirque'),
(1310, 674, 'Candidato N°2 por Pirque'),
(1311, 674, 'Candidato N°3 por Pirque'),
(1312, 674, 'Candidato N°4 por Pirque'),
(1313, 675, 'Candidato N°1 por San José de Maipo'),
(1314, 675, 'Candidato N°2 por San José de Maipo'),
(1315, 675, 'Candidato N°3 por San José de Maipo'),
(1316, 675, 'Candidato N°4 por San José de Maipo'),
(1317, 676, 'Candidato N°1 por Colina'),
(1318, 676, 'Candidato N°2 por Colina'),
(1319, 676, 'Candidato N°3 por Colina'),
(1320, 676, 'Candidato N°4 por Colina'),
(1321, 677, 'Candidato N°1 por Lampa'),
(1322, 677, 'Candidato N°2 por Lampa'),
(1323, 677, 'Candidato N°3 por Lampa'),
(1324, 677, 'Candidato N°4 por Lampa'),
(1325, 678, 'Candidato N°1 por Tiltil'),
(1326, 678, 'Candidato N°2 por Tiltil'),
(1327, 678, 'Candidato N°3 por Tiltil'),
(1328, 678, 'Candidato N°4 por Tiltil'),
(1329, 679, 'Candidato N°1 por San Bernardo'),
(1330, 679, 'Candidato N°2 por San Bernardo'),
(1331, 679, 'Candidato N°3 por San Bernardo'),
(1332, 679, 'Candidato N°4 por San Bernardo'),
(1333, 680, 'Candidato N°1 por Buin'),
(1334, 680, 'Candidato N°2 por Buin'),
(1335, 680, 'Candidato N°3 por Buin'),
(1336, 680, 'Candidato N°4 por Buin'),
(1337, 681, 'Candidato N°1 por Calera de Tango'),
(1338, 681, 'Candidato N°2 por Calera de Tango'),
(1339, 681, 'Candidato N°3 por Calera de Tango'),
(1340, 681, 'Candidato N°4 por Calera de Tango'),
(1341, 682, 'Candidato N°1 por Paine'),
(1342, 682, 'Candidato N°2 por Paine'),
(1343, 682, 'Candidato N°3 por Paine'),
(1344, 682, 'Candidato N°4 por Paine'),
(1345, 683, 'Candidato N°1 por Melipilla'),
(1346, 683, 'Candidato N°2 por Melipilla'),
(1347, 683, 'Candidato N°3 por Melipilla'),
(1348, 683, 'Candidato N°4 por Melipilla'),
(1349, 684, 'Candidato N°1 por Alhué'),
(1350, 684, 'Candidato N°2 por Alhué'),
(1351, 684, 'Candidato N°3 por Alhué'),
(1352, 684, 'Candidato N°4 por Alhué'),
(1353, 685, 'Candidato N°1 por Curacaví'),
(1354, 685, 'Candidato N°2 por Curacaví'),
(1355, 685, 'Candidato N°3 por Curacaví'),
(1356, 685, 'Candidato N°4 por Curacaví'),
(1357, 686, 'Candidato N°1 por María Pinto'),
(1358, 686, 'Candidato N°2 por María Pinto'),
(1359, 686, 'Candidato N°3 por María Pinto'),
(1360, 686, 'Candidato N°4 por María Pinto'),
(1361, 687, 'Candidato N°1 por San Pedro'),
(1362, 687, 'Candidato N°2 por San Pedro'),
(1363, 687, 'Candidato N°3 por San Pedro'),
(1364, 687, 'Candidato N°4 por San Pedro'),
(1365, 688, 'Candidato N°1 por Talagante'),
(1366, 688, 'Candidato N°2 por Talagante'),
(1367, 688, 'Candidato N°3 por Talagante'),
(1368, 688, 'Candidato N°4 por Talagante'),
(1369, 689, 'Candidato N°1 por El Monte'),
(1370, 689, 'Candidato N°2 por El Monte'),
(1371, 689, 'Candidato N°3 por El Monte'),
(1372, 689, 'Candidato N°4 por El Monte'),
(1373, 690, 'Candidato N°1 por Isla de Maipo'),
(1374, 690, 'Candidato N°2 por Isla de Maipo'),
(1375, 690, 'Candidato N°3 por Isla de Maipo'),
(1376, 690, 'Candidato N°4 por Isla de Maipo'),
(1377, 691, 'Candidato N°1 por Padre Hurtado'),
(1378, 691, 'Candidato N°2 por Padre Hurtado'),
(1379, 691, 'Candidato N°3 por Padre Hurtado'),
(1380, 691, 'Candidato N°4 por Padre Hurtado'),
(1381, 692, 'Candidato N°1 por Peñaflor'),
(1382, 692, 'Candidato N°2 por Peñaflor'),
(1383, 692, 'Candidato N°3 por Peñaflor'),
(1384, 692, 'Candidato N°4 por Peñaflor');

-- --------------------------------------------------------

--
-- Estructura de tabla para la tabla `comunas`
--

CREATE TABLE `comunas` (
  `id` int(11) NOT NULL,
  `id_region` int(11) NOT NULL,
  `nombre_comuna` text NOT NULL
) ENGINE=InnoDB DEFAULT CHARSET=utf8mb4;

--
-- Volcado de datos para la tabla `comunas`
--

INSERT INTO `comunas` (`id`, `id_region`, `nombre_comuna`) VALUES
(347, 1, 'Arica'),
(348, 1, 'Camarones'),
(349, 1, 'Putre'),
(350, 1, 'General Lagos'),
(351, 2, 'Iquique'),
(352, 2, 'Alto Hospicio'),
(353, 2, 'Pozo Almonte'),
(354, 2, 'Camiña'),
(355, 2, 'Colchane'),
(356, 2, 'Huara'),
(357, 2, 'Pica'),
(358, 3, 'Antofagasta'),
(359, 3, 'Mejillones'),
(360, 3, 'Sierra Gorda'),
(361, 3, 'Taltal'),
(362, 3, 'Calama'),
(363, 3, 'Ollagüe'),
(364, 3, 'San Pedro de Atacama'),
(365, 3, 'Tocopilla'),
(366, 3, 'María Elena'),
(367, 4, 'Copiapó'),
(368, 4, 'Caldera'),
(369, 4, 'Tierra Amarilla'),
(370, 4, 'Chañaral'),
(371, 4, 'Diego de Almagro'),
(372, 4, 'Vallenar'),
(373, 4, 'Alto del Carmen'),
(374, 4, 'Freirina'),
(375, 4, 'Huasco'),
(376, 5, 'La Serena'),
(377, 5, 'Coquimbo'),
(378, 5, 'Andacollo'),
(379, 5, 'La Higuera'),
(380, 5, 'Paiguano'),
(381, 5, 'Vicuña'),
(382, 5, 'Illapel'),
(383, 5, 'Canela'),
(384, 5, 'Los Vilos'),
(385, 5, 'Salamanca'),
(386, 5, 'Ovalle'),
(387, 5, 'Combarbalá'),
(388, 5, 'Monte Patria'),
(389, 5, 'Punitaqui'),
(390, 5, 'Río Hurtado'),
(391, 6, 'Valparaíso'),
(392, 6, 'Casablanca'),
(393, 6, 'Concón'),
(394, 6, 'Juan Fernández'),
(395, 6, 'Puchuncaví'),
(396, 6, 'Quintero'),
(397, 6, 'Viña del Mar'),
(398, 6, 'Isla de Pascua'),
(399, 6, 'Los Andes'),
(400, 6, 'Calle Larga'),
(401, 6, 'Rinconada'),
(402, 6, 'San Esteban'),
(403, 6, 'La Ligua'),
(404, 6, 'Cabildo'),
(405, 6, 'Papudo'),
(406, 6, 'Petorca'),
(407, 6, 'Zapallar'),
(408, 6, 'Quillota'),
(409, 6, 'Calera'),
(410, 6, 'Hijuelas'),
(411, 6, 'La Cruz'),
(412, 6, 'Nogales'),
(413, 6, 'San Antonio'),
(414, 6, 'Algarrobo'),
(415, 6, 'Cartagena'),
(416, 6, 'El Quisco'),
(417, 6, 'El Tabo'),
(418, 6, 'Santo Domingo'),
(419, 6, 'San Felipe'),
(420, 6, 'Catemu'),
(421, 6, 'Llaillay'),
(422, 6, 'Panquehue'),
(423, 6, 'Putaendo'),
(424, 6, 'Santa María'),
(425, 6, 'Quilpué'),
(426, 6, 'Limache'),
(427, 6, 'Olmué'),
(428, 6, 'Villa Alemana'),
(429, 7, 'Rancagua'),
(430, 7, 'Codegua'),
(431, 7, 'Coinco'),
(432, 7, 'Coltauco'),
(433, 7, 'Doñihue'),
(434, 7, 'Graneros'),
(435, 7, 'Las Cabras'),
(436, 7, 'Machalí'),
(437, 7, 'Malloa'),
(438, 7, 'Mostazal'),
(439, 7, 'Olivar'),
(440, 7, 'Peumo'),
(441, 7, 'Pichidegua'),
(442, 7, 'Quinta de Tilcoco'),
(443, 7, 'Rengo'),
(444, 7, 'Requínoa'),
(445, 7, 'San Vicente'),
(446, 7, 'Pichilemu'),
(447, 7, 'La Estrella'),
(448, 7, 'Litueche'),
(449, 7, 'Marchihue'),
(450, 7, 'Navidad'),
(451, 7, 'Paredones'),
(452, 7, 'San Fernando'),
(453, 7, 'Chépica'),
(454, 7, 'Chimbarongo'),
(455, 7, 'Lolol'),
(456, 7, 'Nancagua'),
(457, 7, 'Palmilla'),
(458, 7, 'Peralillo'),
(459, 7, 'Placilla'),
(460, 7, 'Pumanque'),
(461, 7, 'Santa Cruz'),
(462, 8, 'Talca'),
(463, 8, 'Constitución'),
(464, 8, 'Curepto'),
(465, 8, 'Empedrado'),
(466, 8, 'Maule'),
(467, 8, 'Pelarco'),
(468, 8, 'Pencahue'),
(469, 8, 'Río Claro'),
(470, 8, 'San Clemente'),
(471, 8, 'San Rafael'),
(472, 8, 'Cauquenes'),
(473, 8, 'Chanco'),
(474, 8, 'Pelluhue'),
(475, 8, 'Curicó'),
(476, 8, 'Hualañé'),
(477, 8, 'Licantén'),
(478, 8, 'Molina'),
(479, 8, 'Rauco'),
(480, 8, 'Romeral'),
(481, 8, 'Sagrada Familia'),
(482, 8, 'Teno'),
(483, 8, 'Vichuquén'),
(484, 8, 'Linares'),
(485, 8, 'Colbún'),
(486, 8, 'Longaví'),
(487, 8, 'Parral'),
(488, 8, 'Retiro'),
(489, 8, 'San Javier'),
(490, 8, 'Villa Alegre'),
(491, 8, 'Yerbas Buenas'),
(492, 9, 'Cobquecura'),
(493, 9, 'Coelemu'),
(494, 9, 'Ninhue'),
(495, 9, 'Portezuelo'),
(496, 9, 'Quirihue'),
(497, 9, 'Ránquil'),
(498, 9, 'Treguaco'),
(499, 9, 'Bulnes'),
(500, 9, 'Chillán Viejo'),
(501, 9, 'Chillán'),
(502, 9, 'El Carmen'),
(503, 9, 'Pemuco'),
(504, 9, 'Pinto'),
(505, 9, 'Quillón'),
(506, 9, 'San Ignacio'),
(507, 9, 'Yungay'),
(508, 9, 'Coihueco'),
(509, 9, 'Ñiquén'),
(510, 9, 'San Carlos'),
(511, 9, 'San Fabián'),
(512, 9, 'San Nicolás'),
(513, 10, 'Concepción'),
(514, 10, 'Coronel'),
(515, 10, 'Chiguayante'),
(516, 10, 'Florida'),
(517, 10, 'Hualqui'),
(518, 10, 'Lota'),
(519, 10, 'Penco'),
(520, 10, 'San Pedro de la Paz'),
(521, 10, 'Santa Juana'),
(522, 10, 'Talcahuano'),
(523, 10, 'Tomé'),
(524, 10, 'Hualpén'),
(525, 10, 'Lebu'),
(526, 10, 'Arauco'),
(527, 10, 'Cañete'),
(528, 10, 'Contulmo'),
(529, 10, 'Curanilahue'),
(530, 10, 'Los Álamos'),
(531, 10, 'Tirúa'),
(532, 10, 'Los Ángeles'),
(533, 10, 'Antuco'),
(534, 10, 'Cabrero'),
(535, 10, 'Laja'),
(536, 10, 'Mulchén'),
(537, 10, 'Nacimiento'),
(538, 10, 'Negrete'),
(539, 10, 'Quilaco'),
(540, 10, 'Quilleco'),
(541, 10, 'San Rosendo'),
(542, 10, 'Santa Bárbara'),
(543, 10, 'Tucapel'),
(544, 10, 'Yumbel'),
(545, 10, 'Alto Biobío'),
(546, 11, 'Temuco'),
(547, 11, 'Carahue'),
(548, 11, 'Cunco'),
(549, 11, 'Curarrehue'),
(550, 11, 'Freire'),
(551, 11, 'Galvarino'),
(552, 11, 'Gorbea'),
(553, 11, 'Lautaro'),
(554, 11, 'Loncoche'),
(555, 11, 'Melipeuco'),
(556, 11, 'Nueva Imperial'),
(557, 11, 'Padre las Casas'),
(558, 11, 'Perquenco'),
(559, 11, 'Pitrufquén'),
(560, 11, 'Pucón'),
(561, 11, 'Saavedra'),
(562, 11, 'Teodoro Schmidt'),
(563, 11, 'Toltén'),
(564, 11, 'Vilcún'),
(565, 11, 'Villarrica'),
(566, 11, 'Cholchol'),
(567, 11, 'Angol'),
(568, 11, 'Collipulli'),
(569, 11, 'Curacautín'),
(570, 11, 'Ercilla'),
(571, 11, 'Lonquimay'),
(572, 11, 'Los Sauces'),
(573, 11, 'Lumaco'),
(574, 11, 'Purén'),
(575, 11, 'Renaico'),
(576, 11, 'Traiguén'),
(577, 11, 'Victoria'),
(578, 12, 'Valdivia'),
(579, 12, 'Corral'),
(580, 12, 'Lanco'),
(581, 12, 'Los Lagos'),
(582, 12, 'Máfil'),
(583, 12, 'Mariquina'),
(584, 12, 'Paillaco'),
(585, 12, 'Panguipulli'),
(586, 12, 'La Unión'),
(587, 12, 'Futrono'),
(588, 12, 'Lago Ranco'),
(589, 12, 'Río Bueno'),
(590, 13, 'Puerto Montt'),
(591, 13, 'Calbuco'),
(592, 13, 'Cochamó'),
(593, 13, 'Fresia'),
(594, 13, 'Frutillar'),
(595, 13, 'Los Muermos'),
(596, 13, 'Llanquihue'),
(597, 13, 'Maullín'),
(598, 13, 'Puerto Varas'),
(599, 13, 'Castro'),
(600, 13, 'Ancud'),
(601, 13, 'Chonchi'),
(602, 13, 'Curaco de Vélez'),
(603, 13, 'Dalcahue'),
(604, 13, 'Puqueldón'),
(605, 13, 'Queilén'),
(606, 13, 'Quellón'),
(607, 13, 'Quemchi'),
(608, 13, 'Quinchao'),
(609, 13, 'Osorno'),
(610, 13, 'Puerto Octay'),
(611, 13, 'Purranque'),
(612, 13, 'Puyehue'),
(613, 13, 'Río Negro'),
(614, 13, 'San Juan de la Costa'),
(615, 13, 'San Pablo'),
(616, 13, 'Chaitén'),
(617, 13, 'Futaleufú'),
(618, 13, 'Hualaihué'),
(619, 13, 'Palena'),
(620, 14, 'Coihaique'),
(621, 14, 'Lago Verde'),
(622, 14, 'Aisén'),
(623, 14, 'Cisnes'),
(624, 14, 'Guaitecas'),
(625, 14, 'Cochrane'),
(626, 14, 'O’Higgins'),
(627, 14, 'Tortel'),
(628, 14, 'Chile Chico'),
(629, 14, 'Río Ibáñez'),
(630, 15, 'Punta Arenas'),
(631, 15, 'Laguna Blanca'),
(632, 15, 'Río Verde'),
(633, 15, 'San Gregorio'),
(634, 15, 'Cabo de Hornos (Ex Navarino)'),
(635, 15, 'Antártica'),
(636, 15, 'Porvenir'),
(637, 15, 'Primavera'),
(638, 15, 'Timaukel'),
(639, 15, 'Natales'),
(640, 15, 'Torres del Paine'),
(641, 16, 'Cerrillos'),
(642, 16, 'Cerro Navia'),
(643, 16, 'Conchalí'),
(644, 16, 'El Bosque'),
(645, 16, 'Estación Central'),
(646, 16, 'Huechuraba'),
(647, 16, 'Independencia'),
(648, 16, 'La Cisterna'),
(649, 16, 'La Florida'),
(650, 16, 'La Granja'),
(651, 16, 'La Pintana'),
(652, 16, 'La Reina'),
(653, 16, 'Las Condes'),
(654, 16, 'Lo Barnechea'),
(655, 16, 'Lo Espejo'),
(656, 16, 'Lo Prado'),
(657, 16, 'Macul'),
(658, 16, 'Maipú'),
(659, 16, 'Ñuñoa'),
(660, 16, 'Pedro Aguirre Cerda'),
(661, 16, 'Peñalolén'),
(662, 16, 'Providencia'),
(663, 16, 'Pudahuel'),
(664, 16, 'Quilicura'),
(665, 16, 'Quinta Normal'),
(666, 16, 'Recoleta'),
(667, 16, 'Renca'),
(668, 16, 'Santiago'),
(669, 16, 'San Joaquín'),
(670, 16, 'San Miguel'),
(671, 16, 'San Ramón'),
(672, 16, 'Vitacura'),
(673, 16, 'Puente Alto'),
(674, 16, 'Pirque'),
(675, 16, 'San José de Maipo'),
(676, 16, 'Colina'),
(677, 16, 'Lampa'),
(678, 16, 'Tiltil'),
(679, 16, 'San Bernardo'),
(680, 16, 'Buin'),
(681, 16, 'Calera de Tango'),
(682, 16, 'Paine'),
(683, 16, 'Melipilla'),
(684, 16, 'Alhué'),
(685, 16, 'Curacaví'),
(686, 16, 'María Pinto'),
(687, 16, 'San Pedro'),
(688, 16, 'Talagante'),
(689, 16, 'El Monte'),
(690, 16, 'Isla de Maipo'),
(691, 16, 'Padre Hurtado'),
(692, 16, 'Peñaflor');

-- --------------------------------------------------------

--
-- Estructura de tabla para la tabla `regiones`
--

CREATE TABLE `regiones` (
  `id` int(11) NOT NULL,
  `nombre_region` text NOT NULL
) ENGINE=InnoDB DEFAULT CHARSET=utf8mb4;

--
-- Volcado de datos para la tabla `regiones`
--

INSERT INTO `regiones` (`id`, `nombre_region`) VALUES
(1, 'Arica y Parinacota'),
(2, 'Tarapacá'),
(3, 'Antofagasta'),
(4, 'Atacama'),
(5, 'Coquimbo'),
(6, 'Valparaíso'),
(7, 'Región del Libertador Gral. Bernardo O’Higgins'),
(8, 'Región del Maule'),
(9, 'Región de Ñuble'),
(10, 'Región del Biobío'),
(11, 'Región de la Araucanía'),
(12, 'Región de Los Ríos'),
(13, 'Región de Los Lagos'),
(14, 'Región Aisén del Gral. Carlos Ibáñez del Campo'),
(15, 'Región de Magallanes y de la Antártica Chilena'),
(16, 'Región Metropolitana de Santiago');

-- --------------------------------------------------------

--
-- Estructura de tabla para la tabla `votaciones`
--

CREATE TABLE `votaciones` (
  `id` int(11) NOT NULL,
  `id_candidato` int(11) NOT NULL,
  `rut_votante` text NOT NULL,
  `nombre_votante` text NOT NULL,
  `alias_votante` text NOT NULL,
  `email_votante` text NOT NULL,
  `como_se_entero` longtext CHARACTER SET utf8mb4 COLLATE utf8mb4_bin NOT NULL CHECK (json_valid(`como_se_entero`))
) ENGINE=InnoDB DEFAULT CHARSET=utf8mb4;

--
-- Índices para tablas volcadas
--

--
-- Indices de la tabla `candidatos`
--
ALTER TABLE `candidatos`
  ADD PRIMARY KEY (`id`),
  ADD KEY `id_comuna` (`id_comuna`);

--
-- Indices de la tabla `comunas`
--
ALTER TABLE `comunas`
  ADD PRIMARY KEY (`id`),
  ADD KEY `id_region` (`id_region`);

--
-- Indices de la tabla `regiones`
--
ALTER TABLE `regiones`
  ADD PRIMARY KEY (`id`);

--
-- Indices de la tabla `votaciones`
--
ALTER TABLE `votaciones`
  ADD PRIMARY KEY (`id`),
  ADD KEY `id_candidato` (`id_candidato`);

--
-- AUTO_INCREMENT de las tablas volcadas
--

--
-- AUTO_INCREMENT de la tabla `candidatos`
--
ALTER TABLE `candidatos`
  MODIFY `id` int(11) NOT NULL AUTO_INCREMENT, AUTO_INCREMENT=1385;

--
-- AUTO_INCREMENT de la tabla `comunas`
--
ALTER TABLE `comunas`
  MODIFY `id` int(11) NOT NULL AUTO_INCREMENT, AUTO_INCREMENT=693;

--
-- AUTO_INCREMENT de la tabla `regiones`
--
ALTER TABLE `regiones`
  MODIFY `id` int(11) NOT NULL AUTO_INCREMENT, AUTO_INCREMENT=32;

--
-- AUTO_INCREMENT de la tabla `votaciones`
--
ALTER TABLE `votaciones`
  MODIFY `id` int(11) NOT NULL AUTO_INCREMENT, AUTO_INCREMENT=16;

--
-- Restricciones para tablas volcadas
--

--
-- Filtros para la tabla `candidatos`
--
ALTER TABLE `candidatos`
  ADD CONSTRAINT `candidato_comuna` FOREIGN KEY (`id_comuna`) REFERENCES `comunas` (`id`) ON DELETE CASCADE ON UPDATE CASCADE;

--
-- Filtros para la tabla `comunas`
--
ALTER TABLE `comunas`
  ADD CONSTRAINT `comuna_region` FOREIGN KEY (`id_region`) REFERENCES `regiones` (`id`) ON DELETE CASCADE ON UPDATE CASCADE;

--
-- Filtros para la tabla `votaciones`
--
ALTER TABLE `votaciones`
  ADD CONSTRAINT `voto_candidato` FOREIGN KEY (`id_candidato`) REFERENCES `candidatos` (`id`) ON DELETE CASCADE ON UPDATE CASCADE;
COMMIT;

/*!40101 SET CHARACTER_SET_CLIENT=@OLD_CHARACTER_SET_CLIENT */;
/*!40101 SET CHARACTER_SET_RESULTS=@OLD_CHARACTER_SET_RESULTS */;
/*!40101 SET COLLATION_CONNECTION=@OLD_COLLATION_CONNECTION */;
